Title,Artist,Album,Length,Added,Removed
"10,000 Hours (with Justin Bieber)","Dan + Shay, Justin Bieber","10,000 Hours (with Justin Bieber)",2:47,10/6/19,3/22/20
1000 Doves,Lady Gaga,Chromatica,3:35,5/30/20,6/1/20
120,Bad Bunny,EL Último Tour del Mundo,2:31,11/28/20,11/29/20
2 Much,Justin Bieber,Justice,2:32,3/20/21,3/26/21
2016,Sam Hunt,SOUTHSIDE,3:55,4/5/20,4/6/20
21,Polo G,THE GOAT,2:43,7/9/20,9/28/20
223's (feat. 9lokknine),"YNW Melly, 9lokknine",223's (feat. 9lokknine),2:56,9/5/19,12/6/19
223's (feat. 9lokknine),"YNW Melly, 9lokknine",Melly vs. Melvin,2:56,12/6/19,1/29/20
24 (feat. Lil Baby),"Money Man, Lil Baby",Epidemic (Deluxe),3:02,9/10/20,11/7/20
25/8,Bad Bunny,YHLQMDLG,4:03,3/2/20,3/5/20
3 Headed Goat (feat. Lil Baby & Polo G),"Lil Durk, Lil Baby, Polo G",Just Cause Y'all Waited 2,2:49,5/10/20,5/12/20
34+35,Ariana Grande,Positions,2:53,11/3/20,5/3/21
"34+35 Remix (feat. Doja Cat, Megan Thee Stallion) - Remix","Ariana Grande, Doja Cat, Megan Thee Stallion",34+35 (Remix),3:02,1/17/21,1/25/21
4 Da Gang (with Roddy Ricch),"42 Dugg, Roddy Ricch",4 Da Gang (with Roddy Ricch),2:35,4/16/21,5/9/21
4 Da Kidz,Kid Cudi,Man On The Moon III: The Chosen,3:04,12/13/20,12/13/20
44 BullDog,Pop Smoke,Shoot For The Stars Aim For The Moon,2:30,7/5/20,7/9/20
6 Kiss,"Trippie Redd, Juice WRLD, YNW Melly",A Love Letter To You 4,3:19,11/24/19,12/8/19
7 rings,Ariana Grande,"thank u, next",2:58,12/7/19,12/10/19
7 Summers,Morgan Wallen,7 Summers,3:30,8/16/20,11/23/20
7 Summers,Morgan Wallen,Dangerous: The Double Album,3:30,1/10/21,2/11/21
865,Morgan Wallen,Dangerous: The Double Album,3:10,1/10/21,2/9/21
911,Lady Gaga,Chromatica,2:52,5/30/20,6/2/20
911,Sech,911,3:35,4/9/21,4/10/21
@ MEH,Playboi Carti,@ MEH,2:46,4/18/20,4/29/20
A Holly Jolly Christmas - Single Version,Burl Ives,Have A Holly Jolly Christmas,2:15,12/1/19,12/28/20
A Thousand Bad Times,Post Malone,Hollywood's Bleeding,3:41,9/8/19,9/29/19
A Tu Merced,Bad Bunny,YHLQMDLG,2:55,3/2/20,3/3/20
Adore You,Harry Styles,Adore You,3:27,12/8/19,12/15/19
Adore You,Harry Styles,Fine Line,3:27,12/15/19,10/28/20
After Hours,The Weeknd,After Hours,6:01,2/21/20,4/18/20
After Party,Don Toliver,Heaven Or Hell,2:47,4/20/20,10/21/20
Afterglow,Ed Sheeran,Afterglow,3:05,12/28/20,1/10/21
Aim For The Moon (feat. Quavo),"Pop Smoke, Quavo",Shoot For The Stars Aim For The Moon,2:55,7/5/20,7/9/20
Alfred - Interlude,Eminem,Music To Be Murdered By,30,1/19/20,1/22/20
Alice,Lady Gaga,Chromatica,2:57,5/30/20,6/2/20
All Around Me,Justin Bieber,Changes,2:16,2/16/20,2/18/20
All Bad (feat. Lil Uzi Vert),"Future, Lil Uzi Vert",High Off Life,3:27,5/17/20,5/22/20
All Girls Are The Same,Juice WRLD,Goodbye & Good Riddance,2:45,12/10/19,4/28/21
"All I Want - From ""High School Musical: The Musical: The Series""",Olivia Rodrigo,"All I Want (From ""High School Musical: The Musical: The Series"")",2:57,1/12/21,1/17/21
All I Want for Christmas Is You,Mariah Carey,Merry Christmas,4:01,11/19/19,12/28/20
All In,Lil Baby,All In,2:36,4/26/20,4/28/20
Allergic,Post Malone,Hollywood's Bleeding,2:36,9/8/19,9/23/19
Alone Again,The Weeknd,After Hours,4:10,3/22/20,3/29/20
Alright,Kendrick Lamar,Alright,3:14,6/4/20,6/5/20
ALWAYS DO,The Kid LAROI,F*CK LOVE (SAVAGE),2:31,11/7/20,11/12/20
Always Forever,Bryson Tiller,A N N I V E R S A R Y,2:50,10/4/20,10/5/20
Amarillo,J Balvin,Colores,2:37,3/22/20,3/23/20
Amazing Grace,"Andrew Andraos, Esprit Ange Andraos",Amazing Grace,4:04,12/18/20,12/22/20
AMAZING GRACE,DaBaby,BLAME IT ON BABY,1:28,4/18/20,4/20/20
Angels Like You,Miley Cyrus,Plastic Hearts,3:16,11/29/20,12/3/20
Another Day,Kid Cudi,Man On The Moon III: The Chosen,3:19,12/13/20,12/17/20
ANTES QUE SE ACABE,Bad Bunny,EL Último Tour del Mundo,3:41,11/28/20,11/29/20
Anxiety - Intro,Juice WRLD,Legends Never Die,1:10,7/12/20,7/14/20
Anxiety,Juice WRLD,Legends Never Die,1:10,7/14/20,7/18/20
Anyone,Demi Lovato,Anyone,3:47,1/29/20,2/3/20
Anyone,Justin Bieber,Anyone,3:10,1/2/21,3/20/21
Anyone,Justin Bieber,Justice,3:10,3/20/21,4/23/21
AP - Music from the film Boogie,Pop Smoke,AP (Music from the film Boogie),2:51,2/28/21,3/7/21
ARGENTINA,Gunna,WUNNA,2:29,5/24/20,5/25/20
Armed And Dangerous,Juice WRLD,Goodbye & Good Riddance,2:49,12/10/19,12/15/19
As I Am (feat. Khalid),"Justin Bieber, Khalid",Justice,2:54,3/25/21,4/18/21
As I Am,"Justin Bieber, Khalid",Justice,2:54,3/20/21,3/25/21
Astronaut In The Ocean,Masked Wolf,Astronaut In The Ocean,2:12,2/15/21,
august,Taylor Swift,folklore,4:21,7/26/20,8/16/20
Available,Justin Bieber,Changes,3:15,2/16/20,2/18/20
B.I.T.C.H.,Megan Thee Stallion,B.I.T.C.H.,3:03,1/26/20,1/29/20
B.S. (feat. H.E.R.),"Jhené Aiko, H.E.R.",Chilombo,3:32,3/8/20,3/15/20
Babushka Boi,A$AP Rocky,Babushka Boi,3:07,9/5/19,9/8/19
Baby (Lil Baby feat. DaBaby),"Quality Control, Lil Baby, DaBaby",Quality Control: Control The Streets Volume 2,2:22,9/5/19,12/1/19
Baby Pluto,Lil Uzi Vert,Eternal Atake,3:30,3/8/20,4/2/20
"Baby, I'm Jealous (feat. Doja Cat)","Bebe Rexha, Doja Cat","Baby, I'm Jealous (feat. Doja Cat)",2:55,10/10/20,10/11/20
"Baby, It's Cold Outside (feat. Meghan Trainor)","Brett Eldredge, Meghan Trainor",Glow,2:53,12/25/20,12/27/20
"Baby, It's Cold Outside",Dean Martin,A Winter Romance,2:23,12/26/19,12/27/20
Babylon,Lady Gaga,Chromatica,2:41,5/30/20,6/1/20
Back In Blood (feat. Lil Durk),"Pooh Shiesty, Lil Durk",Shiesty Season,3:04,2/6/21,
Back to the Streets (feat. Jhené Aiko),"Saweetie, Jhené Aiko",Back to the Streets (feat. Jhené Aiko),3:09,10/24/20,10/25/20
Bad Bad Bad (feat. Lil Baby),"Young Thug, Lil Baby",So Much Fun,2:29,9/5/19,11/10/19
Bad Bitch From Tokyo (Intro),Pop Smoke,Shoot For The Stars Aim For The Moon,48,7/5/20,7/6/20
Bad Boy (with Young Thug),"Juice WRLD, Young Thug",Bad Boy (with Young Thug),2:37,1/17/21,2/19/21
BAD CON NICKY,"Bad Bunny, Nicky Jam",LAS QUE NO IBAN A SALIR,3:22,5/13/20,5/14/20
Bad Energy,Juice WRLD,Legends Never Die,3:06,7/12/20,7/26/20
bad guy,Billie Eilish,"WHEN WE ALL FALL ASLEEP, WHERE DO WE GO?",3:14,9/5/19,2/29/20
Bad To You (with Normani & Nicki Minaj),"Ariana Grande, Normani, Nicki Minaj",Charlie's Angels (Original Motion Picture Soundtrack),2:51,11/3/19,11/9/19
bad vibes forever,"XXXTENTACION, PnB Rock, Trippie Redd",Bad Vibes Forever,2:30,11/24/19,12/10/19
"Baguettes in the Face (feat. NAV, Playboi Carti & A Boogie Wit da Hoodie)","Mustard, NAV, Playboi Carti, A Boogie Wit da Hoodie",Perfect Ten,2:54,9/5/19,10/6/19
Baila Conmigo (with Rauw Alejandro),"Selena Gomez, Rauw Alejandro",Baila Conmigo (with Rauw Alejandro),3:06,1/31/21,2/6/21
Ballin' (feat. Roddy Ricch),"Mustard, Roddy Ricch",Perfect Ten,3:00,10/7/19,11/10/19
Ballin' (with Roddy Ricch),"Mustard, Roddy Ricch",Perfect Ten,3:00,11/10/19,7/5/20
Bandit (with YoungBoy Never Broke Again),"Juice WRLD, YoungBoy Never Broke Again",Bandit (with YoungBoy Never Broke Again),3:09,10/6/19,7/13/20
Bang Bang,YNW Melly,Melly vs. Melvin,4:20,11/24/19,11/28/19
Bang!,AJR,Bang!,2:50,2/19/21,3/7/21
Bang!,AJR,OK ORCHESTRA,2:50,3/27/21,4/2/21
Barely Legal 2021,Marvin Divine,Barely Legal 2021,2:17,12/6/20,12/8/20
Be Kind (with Halsey),"Marshmello, Halsey",Be Kind (with Halsey),2:52,5/2/20,7/5/20
Be Like That - feat. Swae Lee & Khalid,"Kane Brown, Swae Lee, Khalid",Be Like That (feat. Swae Lee & Khalid),3:11,7/12/20,11/22/20
Be Something (feat. Lil Baby),"Polo G, Lil Baby",THE GOAT,3:14,5/17/20,5/22/20
Bean (Kobe) [feat. Chief Keef],"Lil Uzi Vert, Chief Keef",Eternal Atake (Deluxe) - LUV vs. The World 2,3:58,3/15/20,3/22/20
Beat Box 3 (feat. DaBaby),"SpotemGottem, DaBaby",Beat Box 3 (feat. DaBaby),3:20,3/7/21,5/3/21
Beautiful Mistakes (feat. Megan Thee Stallion),"Maroon 5, Megan Thee Stallion",Beautiful Mistakes (feat. Megan Thee Stallion),3:47,3/29/21,
Beautiful People (feat. Khalid),"Ed Sheeran, Khalid",No.6 Collaborations Project,3:17,9/5/19,12/8/19
Beautiful Trip,Kid Cudi,Man On The Moon III: The Chosen,37,12/13/20,12/14/20
Beauty In The Benz (feat. Snoop Dogg),"Tory Lanez, Snoop Dogg",Chixtape 5,3:57,11/17/19,11/18/19
Beer Don’t,Morgan Wallen,Dangerous: The Double Album,3:16,1/10/21,1/11/21
Beer Never Broke My Heart,Luke Combs,What You See Is What You Get,3:06,11/10/19,10/25/20
Before You Go,Lewis Capaldi,Divinely Uninspired To A Hellish Extent (Extended Edition),3:35,11/24/19,11/3/20
Behind Barz - Bonus,Drake,Behind Barz (Bonus),2:43,9/15/19,9/29/19
BELIEVE IT,"PARTYNEXTDOOR, Rihanna",PARTYMOBILE,3:03,3/29/20,4/16/20
BENDICIONES,Bad Bunny,LAS QUE NO IBAN A SALIR,2:35,5/13/20,5/14/20
Best Friend (feat. Doja Cat),"Saweetie, Doja Cat",Best Friend (feat. Doja Cat),2:35,1/10/21,4/26/21
Best Friend (feat. Doja Cat),"Saweetie, Doja Cat",Best Friend (feat. Doja Cat) [Remix EP] [Extended Edition],2:35,4/26/21,
Bet You Wanna (feat. Cardi B),"BLACKPINK, Cardi B",THE ALBUM,2:39,10/4/20,10/10/20
Better Together,Luke Combs,What You See Is What You Get,3:39,11/10/19,10/29/20
betty,Taylor Swift,folklore,4:54,7/26/20,8/9/20
Bichiyal,"Bad Bunny, Yaviah",YHLQMDLG,3:16,3/2/20,3/8/20
Big Gangsta,Kevin Gates,Big Gangsta,4:03,4/26/21,
Bigger Than Life,Lil Uzi Vert,Eternal Atake,3:12,3/8/20,3/15/20
Black & White,Juice WRLD,Goodbye & Good Riddance,3:06,12/10/19,12/13/19
BLACK PARADE,Beyoncé,BLACK PARADE,4:41,6/21/20,6/25/20
Black Swan,BTS,Black Swan,3:18,1/19/20,2/24/20
BLAME IT ON BABY,DaBaby,BLAME IT ON BABY,2:05,4/18/20,4/22/20
Blame It On Me,Morgan Wallen,Dangerous: The Double Album,2:42,1/10/21,1/11/21
Blastoff (feat. Juice Wrld & Trippie Redd),"Internet Money, Juice WRLD, Trippie Redd",B4 The Storm,2:54,8/30/20,9/28/20
Bleed,A Boogie Wit da Hoodie,Artist 2.0 (Deluxe),2:56,6/20/20,6/22/20
BLIND (feat. Young Thug),"DaBaby, Young Thug",BLAME IT ON BABY (DELUXE),2:33,8/9/20,8/10/20
BLINDFOLD (feat. Lil Baby),"Gunna, Lil Baby",WUNNA,2:34,5/24/20,5/25/20
Blinding Lights,The Weeknd,After Hours,3:20,3/22/20,
Blinding Lights,The Weeknd,Blinding Lights,3:21,12/1/19,3/22/20
Blood On My Jeans,Juice WRLD,Legends Never Die,2:34,7/12/20,8/9/20
bloody valentine,Machine Gun Kelly,Tickets To My Downfall,3:25,9/28/20,10/4/20
Blue Christmas,Elvis Presley,Elvis' Christmas Album,2:09,12/25/19,12/27/20
Blue World,Mac Miller,Circles,3:29,1/19/20,2/2/20
Blueberry Faygo,Lil Mosey,Blueberry Faygo,2:42,2/9/20,2/23/20
Blueberry Faygo,Lil Mosey,Certified Hitmaker,2:42,2/23/20,3/10/21
Blurred Lines,Oda Kirkwood,Blurred Lines,3:15,9/21/20,9/23/20
Body,Megan Thee Stallion,Good News,2:51,11/22/20,2/24/21
"Body Language (feat. Ty Dolla $ign, and Jhené Aiko)","Big Sean, Ty Dolla $ign, Jhené Aiko",Detroit 2,3:44,9/6/20,9/7/20
BOOKER T,Bad Bunny,EL ÚLTIMO TOUR DEL MUNDO,2:36,11/28/20,12/3/20
BOP,DaBaby,KIRK,2:39,9/29/19,5/2/20
Boss Bitch,Doja Cat,Boss Bitch,2:14,4/2/20,5/24/20
Bought A Bad Bitch,"Future, Lil Uzi Vert",Pluto x Baby Pluto,3:30,11/14/20,11/15/20
boyfriend (with Social House),"Ariana Grande, Social House",boyfriend,3:06,9/5/19,10/18/19
Boyfriend,Selena Gomez,Rare (Deluxe),2:41,4/12/20,4/18/20
Brand New Draco,"21 Savage, Metro Boomin",SAVAGE MODE II,3:22,10/4/20,10/8/20
Break My Heart,Dua Lipa,Future Nostalgia,3:41,3/29/20,7/12/20
Breaking Me,"Topic, A7S",Breaking Me,2:46,9/11/20,9/16/20
Breathe (feat. Colbie Caillat) (Taylor’s Version),"Taylor Swift, Colbie Caillat",Fearless (Taylor's Version),4:23,4/11/21,4/14/21
Breathe Deeper,Tame Impala,The Slow Rush,6:12,2/16/20,2/20/20
Broke In A Minute,Tory Lanez,Broke In A Minute,2:12,2/10/20,2/11/20
Broke In A Minute,Tory Lanez,The New Toronto 3,2:12,4/12/20,5/2/20
Broken Glass,"Kygo, Kim Petras",Golden Hour,3:23,5/30/20,6/1/20
Bust Me,Lil Uzi Vert,Eternal Atake,3:14,3/8/20,3/13/20
By Yourself (feat. Jhené Aiko & Mustard),"Ty Dolla $ign, Jhené Aiko, Mustard",By Yourself (feat. Jhené Aiko & Mustard),2:28,10/18/20,10/19/20
Bye Bye Baby (Taylor’s Version) (From The Vault),Taylor Swift,Fearless (Taylor's Version),4:02,4/11/21,4/13/21
BYE ME FUI,Bad Bunny,LAS QUE NO IBAN A SALIR,2:58,5/13/20,5/15/20
Calling My Phone,"Lil Tjay, 6LACK",Calling My Phone,3:25,2/14/21,4/4/21
Calling My Phone,"Lil Tjay, 6LACK",Destined 2 Win,3:25,4/4/21,
Came and Saw (feat. Rowdy Rebel),"Young Stoner Life, Young Thug, Rowdy Rebel",Slime Language 2,2:54,4/18/21,4/20/21
Camelot,NLE Choppa,Camelot,2:28,9/16/19,12/29/19
Can I (feat. Tory Lanez),"Kehlani, Tory Lanez",It Was Good Until It Wasn't,2:59,5/10/20,5/12/20
Can't Die,Juice WRLD,Legends Never Die,3:02,7/12/20,7/25/20
Can't Feel My Face,The Weeknd,Beauty Behind The Madness,3:33,2/10/21,2/12/21
CAN'T STOP,DaBaby,BLAME IT ON BABY,2:48,4/18/20,4/21/20
CANCIÓN CON YANDEL,"Yandel, Bad Bunny",LAS QUE NO IBAN A SALIR,3:29,5/13/20,5/14/20
Canyon Moon,Harry Styles,Fine Line,3:09,12/15/19,12/20/19
Cardigan,Don Toliver,Heaven Or Hell,2:38,3/15/20,3/20/20
cardigan,Taylor Swift,folklore,3:59,7/26/20,12/13/20
Carol of the Bells,"Mykola Dmytrovych Leontovych, John Williams",Home Alone (Original Motion Picture Soundtrack) [25th Anniversary Edition],1:25,12/27/19,12/28/19
Carol of the Bells,"Mykola Dmytrovych Leontovych, John Williams",Home Alone (Original Motion Picture Soundtrack) [Anniversary Edition],1:25,12/25/20,12/27/20
Carry Me Away,John Mayer,Carry Me Away,2:36,9/8/19,9/9/19
Cayendo (Side A - Acoustic),Frank Ocean,Cayendo (Side A - Acoustic),3:22,4/5/20,4/6/20
Celebration,Logic,No Pressure,3:50,7/26/20,7/27/20
Celebration Station,Lil Uzi Vert,Eternal Atake,3:15,3/8/20,3/16/20
champagne problems,Taylor Swift,evermore,4:04,12/13/20,1/15/21
CHAMPION,DaBaby,BLAME IT ON BABY,2:12,4/18/20,4/21/20
Change (Taylor’s Version),Taylor Swift,Fearless (Taylor's Version),4:39,4/11/21,4/13/21
Change Your Life (feat. Jhené Aiko),"Kehlani, Jhené Aiko",It Was Good Until It Wasn't,3:11,5/10/20,5/11/20
Changes,Justin Bieber,Changes,2:15,2/16/20,2/17/20
Chasin' You,Morgan Wallen,If I Know Me,3:25,6/22/20,6/23/20
Cherry,Harry Styles,Fine Line,4:19,12/15/19,12/22/19
Chicago Freestyle (feat. Giveon),"Drake, Giveon",Dark Lane Demo Tapes,3:40,5/2/20,7/26/20
CHICKEN TENDIES,Clinton Kane,CHICKEN TENDIES,3:16,2/21/21,2/25/21
China,"Anuel AA, Daddy Yankee, KAROL G, J Balvin, Ozuna",China,5:01,9/5/19,9/8/19
China,"Anuel AA, Daddy Yankee, KAROL G, Ozuna, J Balvin",Emmanuel,5:01,7/10/20,7/11/20
Christmas (Baby Please Come Home),Darlene Love,"Christmas (Baby, Please Come Home)",2:46,12/6/20,12/27/20
Christmas (Baby Please Come Home),Darlene Love,NOW 100 Hits Christmas,2:44,12/23/19,12/28/19
Christmas (Baby Please Come Home),Mariah Carey,Merry Christmas,2:33,12/26/19,12/26/20
Christmas Time Is Here - Vocal,Vince Guaraldi Trio,A Charlie Brown Christmas [2012 Remastered & Expanded Edition],2:46,12/27/19,12/27/20
Christmas Tree Farm,Taylor Swift,Christmas Tree Farm,3:48,12/8/19,12/9/19
Chromatica I,Lady Gaga,Chromatica,1:00,5/30/20,6/1/20
Chromatica II,Lady Gaga,Chromatica,41,5/30/20,6/1/20
Chrome Heart Tags,Lil Uzi Vert,Eternal Atake,3:32,3/8/20,3/13/20
Circles,Mac Miller,Circles,2:50,1/19/20,1/27/20
Circles,Megan Thee Stallion,Good News,2:50,11/22/20,11/23/20
Circles,Post Malone,Circles,3:34,9/5/19,9/8/19
Circles,Post Malone,Hollywood's Bleeding,3:35,9/8/19,3/20/21
CITY OF ANGELS,24kGoldn,DROPPED OUTTA COLLEGE,1:52,3/18/20,4/18/20
Closed On Sunday,Kanye West,JESUS IS KING,2:31,10/27/19,11/7/19
closure,Taylor Swift,evermore,3:00,12/13/20,12/18/20
Cloud 9,Beach Bunny,Honeymoon,2:27,3/31/21,4/26/21
CLOUDS,NF,CLOUDS,4:03,2/21/21,2/26/21
Codeine (feat. Gunna),"NAV, Gunna",Good Intentions,3:08,5/10/20,5/11/20
Cold As You,Luke Combs,What You See Ain't Always What You Get (Deluxe Edition),3:06,10/24/20,10/25/20
Come & Go (with Marshmello),"Juice WRLD, Marshmello",Come & Go (with Marshmello),3:25,7/11/20,7/12/20
Come & Go (with Marshmello),"Juice WRLD, Marshmello",Legends Never Die,3:25,7/12/20,3/20/21
Come Around Me,Justin Bieber,Changes,3:20,2/16/20,2/20/20
Come In With The Rain (Taylor’s Version),Taylor Swift,Fearless (Taylor's Version),3:57,4/11/21,4/13/21
Come This Way,Lil Uzi Vert,Eternal Atake (Deluxe) - LUV vs. The World 2,2:52,3/15/20,3/17/20
Come Thru (with Usher),"Summer Walker, Usher",Over It,3:01,10/6/19,10/10/19
Commercial (feat. Lil Uzi Vert),"Lil Baby, Lil Uzi Vert",My Turn,3:34,2/29/20,3/7/20
Como Se Siente - Remix,"Jhay Cortez, Bad Bunny",Como Se Siente (Remix),3:47,5/13/20,5/14/20
Complicated,Mac Miller,Circles,3:52,1/19/20,1/26/20
coney island (feat. The National),"Taylor Swift, The National",evermore,4:35,12/13/20,12/19/20
Conversations,Juice WRLD,Legends Never Die,3:01,7/12/20,9/28/20
Cool Yule,"Louis Armstrong, The Commanders",Cool Yule,2:54,12/26/20,12/27/20
COOLER THAN A BITCH (feat. Roddy Ricch),"Gunna, Roddy Ricch",WUNNA,3:17,5/24/20,5/29/20
Cover Me Up,Morgan Wallen,Dangerous: The Double Album,4:53,1/10/21,1/23/21
cowboy like me,Taylor Swift,evermore,4:35,12/13/20,12/19/20
Crazy Over You,BLACKPINK,THE ALBUM,2:41,10/4/20,10/5/20
Creature (feat. Swae Lee),"Pop Smoke, Swae Lee",Shoot For The Stars Aim For The Moon,3:22,7/5/20,7/9/20
Crowded Room (feat. 6LACK),"Selena Gomez, 6LACK",Rare,3:06,1/12/20,1/13/20
Cruel Summer,Taylor Swift,Lover,2:58,9/5/19,9/9/19
Cry Baby (feat. DaBaby),"Megan Thee Stallion, DaBaby",Good News,2:17,11/22/20,2/15/21
Cry for Me,Camila Cabello,Cry for Me,3:09,10/6/19,10/7/19
Cupid's Chokehold / Breakfast in America,Gym Class Heroes,The Papercut Chronicles,4:03,3/15/21,3/27/21
D4L,"Future, Drake, Young Thug",Dark Lane Demo Tapes,3:09,5/2/20,5/9/20
Daddy Issues,The Neighbourhood,Wiped Out!,4:20,2/3/21,2/4/21
Daisies,Katy Perry,Daisies,2:53,5/17/20,5/18/20
Daisy,Ashnikko,Daisy,2:26,10/13/20,11/14/20
Dakiti,"Bad Bunny, Jhay Cortez",Dakiti,3:25,11/3/20,11/28/20
Damaged,Kid Cudi,Man On The Moon III: The Chosen,2:30,12/13/20,12/14/20
Dame Tu Calor,Eslabon Armado,Vibras de Noche,4:05,7/19/20,7/20/20
Dance Again,Selena Gomez,Rare,2:50,1/12/20,1/13/20
Dance Monkey,Tones And I,Dance Monkey,3:29,9/5/19,1/3/21
Dangerous,Morgan Wallen,Dangerous: The Double Album,2:27,1/10/21,1/15/21
Darkness,Eminem,Music To Be Murdered By,5:37,1/19/20,1/27/20
Daylight,"Joji, Diplo",Daylight,2:43,8/9/20,10/2/20
DAYWALKER! (feat. CORPSE),"Machine Gun Kelly, CORPSE",DAYWALKER! (feat. CORPSE),2:17,3/14/21,3/15/21
Dear April (Side A - Acoustic),Frank Ocean,Dear April (Side A - Acoustic),3:51,4/5/20,4/7/20
Death,"Trippie Redd, DaBaby",A Love Letter To You 4,2:52,11/24/19,1/12/20
death bed (coffee for your head) (feat. beabadoobee),"Powfu, beabadoobee",death bed (coffee for your head) (feat. beabadoobee),2:53,3/21/20,7/31/20
death bed (coffee for your head),"Powfu, beabadoobee",death bed (coffee for your head),2:53,7/31/20,10/18/20
death bed (feat. beabadoobee),"Powfu, beabadoobee",death bed (feat. beabadoobee),2:53,2/20/20,3/21/20
Deep End Freestyle,Sleepy Hallow,Deep End Freestyle,1:55,5/26/20,6/3/20
Deep End Freestyle,"Sleepy Hallow, Fousheé",Deep End Freestyle,1:55,6/3/20,6/7/20
Deep End Freestyle,"Sleepy Hallow, Fousheé",Sleepy Hallow Presents: Sleepy For President,1:55,6/7/20,7/1/20
Deep Pockets,Drake,Dark Lane Demo Tapes,3:42,5/2/20,5/6/20
Deep Reverence (feat. Nipsey Hussle),"Big Sean, Nipsey Hussle",Detroit 2,3:51,9/6/20,9/7/20
deja vu,Olivia Rodrigo,deja vu,3:35,4/3/21,
Demons (feat. Fivio Foreign & Sosa Geek),"Drake, Fivio Foreign, Sosa Geek",Dark Lane Demo Tapes,3:24,5/2/20,5/12/20
Deserve You,Justin Bieber,Justice,3:07,3/20/21,3/26/21
Desires (with Future),"Drake, Future",Dark Lane Demo Tapes,3:57,5/2/20,5/8/20
DHL,Frank Ocean,DHL,4:28,10/22/19,10/25/19
Diamonds,Sam Smith,Diamonds,3:33,9/20/20,9/28/20
Diamonds Dancing (feat. Travis Scott),"Young Stoner Life, Young Thug, Gunna, Travis Scott",Slime Language 2,4:02,4/18/21,4/26/21
Dicked Down in Dallas,Trey Lewis,Dicked Down in Dallas,3:21,12/3/20,12/4/20
Did It Again,Lil Tecca,We Love You Tecca,1:56,9/5/19,11/16/19
Die For Me (feat. Future & Halsey),"Post Malone, Future, Halsey",Hollywood's Bleeding,4:05,9/8/19,9/18/19
Die For Me (feat. Future & Halsey),"Post Malone, Halsey, Future",Hollywood's Bleeding,4:05,9/18/19,10/15/19
Die For You (feat. Dominic Fike),"Justin Bieber, Dominic Fike",Justice,3:18,3/25/21,3/27/21
Die For You,"Justin Bieber, Dominic Fike",Justice,3:18,3/20/21,3/25/21
Dior,Pop Smoke,Meet The Woo,3:36,2/21/20,7/12/20
Dive,Kid Cudi,Man On The Moon III: The Chosen,2:28,12/13/20,12/15/20
Do They Know It's Christmas? - 1984 Version,Band Aid,Do They Know It's Christmas?,3:42,12/3/19,12/28/20
Do You Hear What I Hear? - Remastered 2006,Bing Crosby,Christmas With Bing Crosby,2:45,12/25/20,12/27/20
Do You Hear What I Hear?,Bing Crosby,Winter Wonderland,2:45,12/27/19,12/28/19
Does To Me (feat. Eric Church),"Luke Combs, Eric Church",What You See Is What You Get,3:43,11/10/19,11/11/19
DOLLAZ ON MY HEAD (feat. Young Thug),"Gunna, Young Thug",WUNNA,3:17,5/24/20,10/23/20
Dolly (with Lil Uzi Vert),"Lil Tecca, Lil Uzi Vert",Virgo World,2:59,9/20/20,9/23/20
Don't Start Now,Dua Lipa,Don't Start Now,3:03,11/3/19,3/29/20
Don't Start Now,Dua Lipa,Future Nostalgia,3:03,3/29/20,7/12/20
Don’t Call Me Angel (Charlie’s Angels) (with Miley Cyrus & Lana Del Rey),"Ariana Grande, Miley Cyrus, Lana Del Rey",Don’t Call Me Angel (Charlie’s Angels),3:10,9/15/19,10/13/19
Don’t Stop (feat. Young Thug),"Megan Thee Stallion, Young Thug",Don’t Stop (feat. Young Thug),3:07,10/4/20,10/6/20
Don’t You (Taylor’s Version) (From The Vault),Taylor Swift,Fearless (Taylor's Version),3:28,4/11/21,4/14/21
dorothea,Taylor Swift,evermore,3:45,12/13/20,12/19/20
Drankin N Smokin,"Future, Lil Uzi Vert",Pluto x Baby Pluto,3:33,11/14/20,11/22/20
Dreams - 2004 Remaster,Fleetwood Mac,Rumours (Super Deluxe),4:17,9/28/20,4/7/21
drivers license,Olivia Rodrigo,drivers license,4:02,1/10/21,
DROP (feat. A Boogie wit da Hoodie & London On Da Track),"DaBaby, A Boogie Wit da Hoodie, London On Da Track",BLAME IT ON BABY,2:29,4/18/20,4/21/20
Drug Addiction,YoungBoy Never Broke Again,Top,2:44,9/13/20,9/14/20
durag activity (with Travis Scott),"Baby Keem, Travis Scott",durag activity (with Travis Scott),3:44,5/3/21,5/9/21
Dynamite,BTS,BE,3:19,11/22/20,3/18/21
Dynamite,BTS,Dynamite,3:19,8/23/20,9/17/20
Dynamite,BTS,Dynamite (DayTime Version),3:19,9/17/20,11/22/20
Dynamite,BTS,Dynamite (Deluxe),3:19,9/2/20,9/4/20
DÁKITI,"Bad Bunny, Jhay Cortez",EL ÚLTIMO TOUR DEL MUNDO,3:25,11/28/20,
E.T.A.,Justin Bieber,Changes,2:56,2/16/20,2/17/20
EARFQUAKE,"Tyler, The Creator",IGOR,3:10,9/5/19,9/8/19
Earned It (Fifty Shades Of Grey),The Weeknd,Beauty Behind The Madness,4:37,2/10/21,2/11/21
Easy,Camila Cabello,Easy,3:16,10/13/19,10/14/19
EL MUNDO ES MÍO,Bad Bunny,EL ÚLTIMO TOUR DEL MUNDO,2:45,11/28/20,12/1/20
Electric Love,BØRNS,Dopamine,3:38,8/20/20,10/4/20
Eleven,Khalid,Eleven,3:26,1/12/20,1/19/20
Elsie's Baby Boy (flashback),Kid Cudi,Man On The Moon III: The Chosen,3:39,12/13/20,12/14/20
Emotionally Scarred,Lil Baby,My Turn,3:17,2/29/20,7/2/20
Empty,Juice WRLD,Death Race For Love,4:08,12/10/19,12/12/19
Enemies (feat. DaBaby),"Post Malone, DaBaby",Hollywood's Bleeding,3:16,9/8/19,11/30/19
Enigma,Lady Gaga,Chromatica,2:59,5/30/20,6/1/20
Enjoy Yourself (feat. Karol G),"Pop Smoke, KAROL G",Shoot For The Stars Aim For The Moon,3:17,7/5/20,7/6/20
Epidemic,Polo G,Epidemic,2:57,9/28/20,10/2/20
epiphany,Taylor Swift,folklore,4:49,7/26/20,8/6/20
Errbody,Lil Baby,Errbody,3:30,12/5/20,12/9/20
Escape From LA,The Weeknd,After Hours,5:55,3/22/20,3/29/20
Está Cabrón Ser Yo,"Bad Bunny, Anuel AA",YHLQMDLG,3:47,3/2/20,3/4/20
Even Though I'm Leaving,Luke Combs,What You See Is What You Get,3:45,11/10/19,11/11/19
evermore (feat. Bon Iver),"Taylor Swift, Bon Iver",evermore,5:04,12/13/20,12/19/20
EVERY CHANCE I GET (feat. Lil Baby & Lil Durk),"DJ Khaled, Lil Baby, Lil Durk",KHALED KHALED,3:56,5/3/21,
Every Hour,"Kanye West, Sunday Service Choir",JESUS IS KING,1:52,10/27/19,11/2/19
Everybody,Mac Miller,Circles,4:16,1/19/20,1/24/20
everything i wanted,Billie Eilish,everything i wanted,4:05,11/16/19,8/3/20
Everything We Need,"Kanye West, Ty Dolla $ign, Ant Clemons",JESUS IS KING,1:56,10/27/19,11/4/19
Ew,Joji,Nectar,3:27,9/28/20,10/2/20
Ex Bitch,XXXTENTACION,Bad Vibes Forever,2:01,12/8/19,12/9/19
Excitement,"Trippie Redd, PARTYNEXTDOOR",Excitement,4:43,5/17/20,5/19/20
exile (feat. Bon Iver),"Taylor Swift, Bon Iver",folklore,4:45,7/26/20,8/30/20
F&MU,Kehlani,It Was Good Until It Wasn't,2:14,5/10/20,5/11/20
F.N,Lil Tjay,F.N,3:44,9/7/19,10/13/19
F.N,Lil Tjay,True 2 Myself,3:44,10/13/19,11/30/19
Faith,The Weeknd,After Hours,4:43,3/22/20,3/29/20
Fake,"Lauv, Conan Gray",Fake,2:26,10/18/20,10/19/20
Falling,Harry Styles,Fine Line,4:00,12/15/19,1/12/20
Falling,Trevor Daniel,Falling,2:39,11/21/19,3/28/20
Falling,Trevor Daniel,Nicotine,2:39,3/28/20,7/5/20
Fast,Juice WRLD,Death Race For Love,3:28,12/11/19,12/12/19
FDT,"YG, Nipsey Hussle",Still Brazy (Deluxe),3:46,11/8/20,11/11/20
Fearless (Taylor’s Version),Taylor Swift,Fearless (Taylor's Version),4:01,4/11/21,4/16/21
Feel Me,Selena Gomez,Feel Me,3:46,2/23/20,2/28/20
Feeling,Juice WRLD,Death Race For Love,3:21,12/11/19,12/12/19
FEIGNING,Gunna,WUNNA,2:45,5/24/20,5/25/20
Feliz Navidad,José Feliciano,My Name Is José Feliciano,3:02,12/4/20,12/28/20
Feliz Navidad,José Feliciano,The Definite Best,3:02,12/21/19,12/4/20
Fiel,"Los Legendarios, Wisin, Jhay Cortez",Los Legendarios 001,4:21,4/26/21,
Fifteen (Taylor’s Version),Taylor Swift,Fearless (Taylor's Version),4:54,4/11/21,4/15/21
Fighting Demons,Juice WRLD,Legends Never Die,3:20,7/12/20,7/25/20
Filter,BTS,MAP OF THE SOUL : 7,3:00,2/23/20,2/25/20
FIND MY WAY,DaBaby,BLAME IT ON BABY,2:19,4/18/20,5/2/20
FIND MY WAY,DaBaby,FIND MY WAY,2:19,4/3/20,4/18/20
Fine China,"Future, Juice WRLD",Future & Juice WRLD Present... WRLD ON DRUGS,2:21,12/11/19,12/12/19
Fine Line,Harry Styles,Fine Line,6:17,12/15/19,12/20/19
Finesse Out The Gang Way (feat. Lil Baby),"Lil Durk, Lil Baby",The Voice (Deluxe),3:06,1/31/21,2/2/21
Flex (feat. Juice WRLD),"Polo G, Juice WRLD",THE GOAT,2:43,5/17/20,8/23/20
Fly To My Room,BTS,BE,3:42,11/22/20,11/23/20
Follow God,Kanye West,JESUS IS KING,1:44,10/27/19,11/30/19
For The Night (feat. Lil Baby & DaBaby),"Pop Smoke, Lil Baby, DaBaby",Shoot For The Stars Aim For The Moon,3:10,7/5/20,5/3/21
Forever & Always (Piano Version) (Taylor’s Version),Taylor Swift,Fearless (Taylor's Version),4:27,4/11/21,4/13/21
Forever & Always (Taylor’s Version),Taylor Swift,Fearless (Taylor's Version),3:45,4/11/21,4/15/21
Forever (feat. Lil Wayne),"Lil Baby, Lil Wayne",My Turn,3:21,2/29/20,3/2/20
Forever (feat. Post Malone & Clever),"Justin Bieber, Post Malone, Clever",Changes,3:39,2/16/20,3/8/20
Forever After All,Luke Combs,What You See Ain't Always What You Get (Deluxe Edition),3:52,10/24/20,
forget me too (feat. Halsey),"Machine Gun Kelly, Halsey",Tickets To My Downfall,2:51,9/28/20,10/12/20
FRANCHISE (feat. Young Thug & M.I.A.),"Travis Scott, Young Thug, M.I.A.",FRANCHISE (feat. Young Thug & M.I.A.),3:22,9/28/20,10/24/20
Free Woman,Lady Gaga,Chromatica,3:11,5/30/20,6/2/20
From Florida With Love,Drake,Dark Lane Demo Tapes,3:54,5/2/20,5/7/20
"fuck, i'm lonely (with Anne-Marie) - from “13 Reasons Why: Season 3”","Lauv, Anne-Marie","fuck, i'm lonely (with Anne-Marie) (from “13 Reasons Why: Season 3”)",3:18,9/5/19,9/8/19
Fun Tonight,Lady Gaga,Chromatica,2:53,5/30/20,6/1/20
Funeral,Lil Wayne,Funeral,3:14,2/2/20,2/3/20
Futsal Shuffle 2020 - Bonus Track,Lil Uzi Vert,Eternal Atake,3:18,3/8/20,3/22/20
Futsal Shuffle 2020,Lil Uzi Vert,Futsal Shuffle 2020,3:18,12/15/19,2/29/20
Fútbol & Rumba (feat. Enrique Iglesias),"Anuel AA, Enrique Iglesias",Emmanuel,3:41,6/18/20,6/22/20
GANG GANG,"JACKBOYS, Sheck Wes",JACKBOYS,4:04,12/29/19,1/3/20
Gangstas,Pop Smoke,Shoot For The Stars Aim For The Moon,2:40,7/5/20,7/10/20
GATTI,"JACKBOYS, Pop Smoke, Travis Scott",JACKBOYS,3:01,12/29/19,2/22/20
Get Me (feat. Kehlani),"Justin Bieber, Kehlani",Changes,3:05,2/16/20,2/18/20
Get Me,"Justin Bieber, Kehlani",Get Me,3:05,1/30/20,2/7/20
Get Ugly,Lil Baby,My Turn,2:35,2/29/20,3/2/20
Ghost,Justin Bieber,Justice,2:33,3/20/21,3/30/21
Ghostbusters,Ray Parker Jr.,Greatest Hits,3:59,11/3/20,11/3/20
Ghostbusters,"Ray Parker, Jr.",Arista Heritage Series: Ray Parker,4:00,11/2/19,11/3/19
Gifted (feat. Roddy Ricch),"Cordae, Roddy Ricch",Gifted (feat. Roddy Ricch),2:48,8/30/20,8/31/20
Gimme Love,Joji,Gimme Love,3:34,4/18/20,4/26/20
Gimme Love,Joji,Nectar,3:34,9/28/20,10/3/20
GIMMICK,Gunna,WUNNA,2:08,5/24/20,5/25/20
Girls in the Hood,Megan Thee Stallion,Girls in the Hood,2:34,6/29/20,7/2/20
Give No Fxk,"Migos, Travis Scott, Young Thug",Give No Fxk,3:44,2/16/20,2/22/20
Glad You Exist,Dan + Shay,Glad You Exist,2:24,2/6/21,2/8/21
Glock In My Lap,"21 Savage, Metro Boomin",SAVAGE MODE II,3:13,10/4/20,10/18/20
Gnat,Eminem,Music To Be Murdered By - Side B (Deluxe Edition),3:44,12/19/20,12/21/20
GNF (OKOKOK),Polo G,GNF (OKOKOK),1:56,2/6/21,2/11/21
GO (feat. Juice WRLD),"The Kid LAROI, Juice WRLD",F*CK LOVE,3:01,7/26/20,11/12/20
GO (feat. Juice WRLD),"The Kid LAROI, Juice WRLD",GO (feat. Juice WRLD),3:03,6/13/20,7/26/20
Go Crazy,"Chris Brown, Young Thug",Slime & B,2:56,7/6/20,1/3/21
Go Stupid,"Polo G, Stunna 4 Vegas, NLE Choppa, Mike WiLL Made-It",Go Stupid,2:45,2/17/20,4/14/20
Go Stupid,"Polo G, Stunna 4 Vegas, NLE Choppa, Mike WiLL Made-It",THE GOAT,2:45,5/17/20,5/22/20
Go2DaMoon (feat. Kanye West),"Playboi Carti, Kanye West",Whole Lotta Red,1:59,12/26/20,12/28/20
God Is,Kanye West,JESUS IS KING,3:23,10/27/19,11/3/19
Godzilla (feat. Juice WRLD),"Eminem, Juice WRLD",Music To Be Murdered By,3:30,1/19/20,5/17/20
gold rush,Taylor Swift,evermore,3:05,12/13/20,12/31/20
Golden,Harry Styles,Fine Line,3:28,12/15/19,11/3/20
GOOBA,6ix9ine,GOOBA,2:12,5/10/20,7/5/20
Good as Hell (feat. Ariana Grande) - Remix,"Lizzo, Ariana Grande",Good as Hell (feat. Ariana Grande) [Remix],2:39,10/27/19,1/4/20
Good As Hell,Lizzo,Good As Hell,2:39,9/5/19,10/27/19
Good Days,SZA,Good Days,4:39,12/27/20,
Good News,Mac Miller,Circles,5:42,1/19/20,2/16/20
Good News,Mac Miller,Good News,5:42,1/12/20,1/19/20
Good Thing (with Kehlani),"Zedd, Kehlani",Good Thing (with Kehlani),3:30,10/13/19,10/27/19
Goodbyes (Feat. Young Thug),"Post Malone, Young Thug",Goodbyes (Feat. Young Thug),2:54,9/5/19,1/12/20
GOODMORNINGTOKYO!,TOKYO’S REVENGE,GOODMORNINGTOKYO!,2:30,1/14/20,2/21/20
Goosebumps - Remix,"Travis Scott, HVME",Goosebumps (Remix),2:42,1/31/21,
goosebumps,Travis Scott,Birds In The Trap Sing McKnight,4:03,4/24/20,7/12/20
"GOSPEL (feat. Chance The Rapper, Gucci Mane & YK Osiris)","DaBaby, Chance the Rapper, Gucci Mane, YK Osiris",KIRK,3:34,9/29/19,9/30/19
Got It On Me,Pop Smoke,Shoot For The Stars Aim For The Moon,2:44,7/5/20,10/24/20
Got The Guap (feat. Young Thug),"Lil Uzi Vert, Young Thug",Eternal Atake (Deluxe) - LUV vs. The World 2,2:56,3/15/20,3/18/20
GP4,Logic,No Pressure,4:34,7/26/20,7/28/20
Grace (feat. 42 Dugg),"Lil Baby, 42 Dugg",My Turn,3:23,2/29/20,3/2/20
Graduation (with Juice WRLD),"benny blanco, Juice WRLD",Graduation (with Juice WRLD),2:57,9/5/19,12/13/19
Graveyard,Halsey,Graveyard,3:01,9/15/19,11/17/19
"Gravity (feat. Tyler, The Creator)","Brent Faiyaz, DJ Dahi, Tyler, The Creator","Gravity (feat. Tyler, The Creator)",3:34,1/31/21,2/6/21
GREECE (feat. Drake),"DJ Khaled, Drake",GREECE (feat. Drake),3:38,7/19/20,9/28/20
Habitual,Justin Bieber,Changes,2:48,2/16/20,2/18/20
HACIENDO QUE ME AMAS,Bad Bunny,EL ÚLTIMO TOUR DEL MUNDO,3:37,11/28/20,12/4/20
Had Enough (feat. Quavo & Offset),"Don Toliver, Offset, Quavo",Had Enough (feat. Quavo & Offset),2:37,12/29/19,1/7/20
Hallucinate,Dua Lipa,Future Nostalgia,3:28,3/29/20,3/30/20
Hand Me Downs,Mac Miller,Circles,4:58,1/19/20,1/26/20
Hands,Mac Miller,Circles,3:19,1/19/20,1/22/20
Hands On,"Kanye West, Fred Hammond",JESUS IS KING,3:23,10/27/19,11/2/19
happiness,Taylor Swift,evermore,5:15,12/13/20,12/20/20
Happiness Over Everything (H.O.E.) (feat. Future & Miguel),"Jhené Aiko, Future, Miguel",Chilombo,3:08,3/8/20,3/9/20
Happy Xmas (War Is Over) - Remastered,"John Lennon, The Harlem Community Choir, The Plastic Ono Band, Yoko Ono",Power To The People - The Hits,3:33,12/24/19,12/28/19
Happy Xmas (War Is Over) - Remastered 2010,"John Lennon, Yoko Ono",Signature Box,3:34,12/20/20,12/27/20
Hard To Choose One,Future,High Off Life,3:13,5/17/20,5/18/20
Harder Than My Demons,Big Sean,Detroit 2,2:11,9/6/20,9/7/20
Hardest To Love,The Weeknd,After Hours,3:31,3/22/20,3/31/20
Harlem Shake (feat. Young Thug),"Future, Young Thug",High Off Life,2:28,5/17/20,5/18/20
Harleys In Hawaii,Katy Perry,Harleys In Hawaii,3:05,10/20/19,10/21/19
Hasta Que Dios Diga,"Anuel AA, Bad Bunny",Emmanuel,4:06,6/3/20,7/14/20
Hate Me (with Juice WRLD),"Ellie Goulding, Juice WRLD",Hate Me (with Juice WRLD),3:06,10/22/19,12/15/19
Hate Me,"Trippie Redd, YoungBoy Never Broke Again",A Love Letter To You 4,2:24,11/24/19,11/25/19
Hate The Other Side (with Marshmello & The Kid Laroi),"Juice WRLD, Marshmello, The Kid LAROI, Polo G",Legends Never Die,2:40,7/18/20,10/4/20
Hate The Other Side (with Marshmello feat. Polo G & The Kid Laroi),"Juice WRLD, Marshmello, Polo G, The Kid LAROI",Legends Never Die,2:40,7/12/20,7/18/20
Hate The Way (feat. blackbear),"G-Eazy, blackbear",Hate The Way (feat. blackbear),3:34,10/18/20,10/19/20
Have Yourself A Merry Little Christmas,Judy Garland,Meet Me In St. Louis,2:42,12/25/20,12/27/20
Have Yourself A Merry Little Christmas,Judy Garland,Meet Me In St. Louis (Original Soundtrack Recording),2:42,12/27/19,12/28/19
Have Yourself A Merry Little Christmas,Sam Smith,Have Yourself A Merry Little Christmas,2:50,12/26/19,12/28/19
Hawái - Remix,"Maluma, The Weeknd",Hawái (Remix),3:20,11/7/20,11/28/20
Hawái,Maluma,PAPI JUANCHO,3:19,8/30/20,10/20/20
Headshot (feat. Polo G & Fivio Foreign),"Lil Tjay, Polo G, Fivio Foreign",Destined 2 Win,2:24,4/4/21,
Headshot (feat. Polo G & Fivio Foreign),"Lil Tjay, Polo G, Fivio Foreign",Headshot,2:24,3/20/21,4/4/21
Hear Me Calling,Juice WRLD,Death Race For Love,3:09,12/11/19,12/12/19
Heart Of Glass (Live from the iHeart Music Festival),Miley Cyrus,Heart Of Glass / Midnight Sky,3:33,10/2/20,10/4/20
Heart On Ice,Rod Wave,PTSD,2:39,4/7/20,4/18/20
Heartbreak Anniversary,Giveon,TAKE TIME,3:18,2/15/21,
Heartless,The Weeknd,After Hours,3:18,3/22/20,2/11/21
Heartless,The Weeknd,Heartless,3:20,11/30/19,2/29/20
Heat Waves,Glass Animals,Dreamland (+ Bonus Levels),3:58,1/3/21,
Heather,Conan Gray,Kid Krow,3:18,8/16/20,2/21/21
Heatin Up (feat. Gunna),"Lil Baby, Gunna",My Turn,2:57,2/29/20,3/12/20
Heaven On Earth,Kid Cudi,Man On The Moon III: The Chosen,3:21,12/13/20,12/14/20
Hello (feat. A Boogie Wit da Hoodie),"Pop Smoke, A Boogie Wit da Hoodie",Shoot For The Stars Aim For The Moon (Deluxe),3:10,12/28/20,3/15/21
Here Comes Santa Claus (Right Down Santa Claus Lane) - 1947 Version,Gene Autry,Rudolph The Red Nosed Reindeer And Other Christmas Classics,2:30,12/25/20,12/27/20
Hey Stephen (Taylor’s Version),Taylor Swift,Fearless (Taylor's Version),4:14,4/11/21,4/15/21
High Fashion (feat. Mustard),"Roddy Ricch, Mustard",Please Excuse Me For Being Antisocial,3:40,1/11/20,7/5/20
Higher Power,Coldplay,Higher Power,3:31,5/9/21,
HIGHEST IN THE ROOM (feat. ROSALÍA & Lil Baby) - REMIX,"Travis Scott, ROSALÍA, Lil Baby",JACKBOYS,4:04,12/29/19,1/19/20
HIGHEST IN THE ROOM,Travis Scott,HIGHEST IN THE ROOM,2:55,10/6/19,7/5/20
Hips Don't Lie (feat. Wyclef Jean),"Shakira, Wyclef Jean","Oral Fixation, Vol. 2 (Expanded Edition)",3:38,2/5/20,2/6/20
Hit Different,"SZA, The Neptunes, Pharrell Williams",Hit Different,3:22,9/13/20,9/14/20
Hit Different,"SZA, Ty Dolla $ign, The Neptunes",Hit Different,3:22,9/6/20,9/13/20
Hit My Line,Logic,No Pressure,4:25,7/26/20,7/28/20
HiTek Tek,Future,High Off Life,3:02,5/17/20,5/18/20
hoax,Taylor Swift,folklore,3:40,7/26/20,8/3/20
Hold On,Justin Bieber,Hold On,2:50,3/7/21,3/20/21
Hold On,Justin Bieber,Justice,2:50,3/20/21,
HOLIDAY,Lil Nas X,HOLIDAY,2:34,11/14/20,2/6/21
Holly Jolly Christmas,Michael Bublé,Christmas,1:59,12/1/19,12/27/20
Hollywood's Bleeding,Post Malone,Hollywood's Bleeding,2:36,9/8/19,10/25/19
Holy (feat. Chance The Rapper),"Justin Bieber, Chance the Rapper",Holy,3:32,9/20/20,11/28/20
Holy (feat. Chance The Rapper),"Justin Bieber, Chance the Rapper",Justice,3:32,3/25/21,4/11/21
Holy,"Justin Bieber, Chance the Rapper",Justice,3:32,3/20/21,3/25/21
Homecoming,Lil Uzi Vert,Eternal Atake,3:33,3/8/20,3/21/20
Hop Off A Jet (feat. Travis Scott),"Young Thug, Travis Scott",So Much Fun (Deluxe),2:54,12/22/19,12/24/19
Hot (feat. Gunna),"Young Thug, Gunna",So Much Fun,3:13,9/5/19,11/17/19
Hot (Remix) [feat. Gunna and Travis Scott],"Young Thug, Travis Scott, Gunna",Hot (Remix) [feat. Gunna and Travis Scott],4:39,11/3/19,12/8/19
Hot (Remix) [feat. Gunna and Travis Scott],"Young Thug, Travis Scott, Gunna",So Much Fun (Deluxe),4:39,12/22/19,1/19/20
hot girl bummer,blackbear,everything means nothing,3:08,8/23/20,8/24/20
hot girl bummer,blackbear,hot girl bummer,3:05,9/5/19,7/5/20
Hot Girl Summer (feat. Nicki Minaj & Ty Dolla $ign),"Megan Thee Stallion, Ty Dolla $ign, Nicki Minaj",Hot Girl Summer (feat. Nicki Minaj & Ty Dolla $ign),3:19,9/5/19,10/6/19
Hot N*gga,Bobby Shmurda,Hot N*gga,3:14,2/26/21,2/27/21
Hot Shower,"Chance the Rapper, MadeinTYO, DaBaby",The Big Day,3:45,10/18/19,11/26/19
How,Lil Baby,My Turn,3:01,2/29/20,3/2/20
How Do You Sleep?,Sam Smith,How Do You Sleep?,3:22,9/5/19,11/23/19
How You Like That,BLACKPINK,How You Like That,3:01,6/29/20,7/5/20
HOY COBRÉ,Bad Bunny,EL ÚLTIMO TOUR DEL MUNDO,2:42,11/28/20,12/1/20
I Can See,Mac Miller,Circles,3:40,1/19/20,1/26/20
I Can Show You,Lil Uzi Vert,Eternal Atake (Deluxe) - LUV vs. The World 2,2:00,3/15/20,3/17/20
"I DID IT (feat. Post Malone, Megan Thee Stallion, Lil Baby & DaBaby)","DJ Khaled, Post Malone, DaBaby, Megan Thee Stallion, Lil Baby",KHALED KHALED,2:45,5/3/21,5/10/21
"I Do It (ft. Big Sean, Lil Baby)","Lil Wayne, Big Sean, Lil Baby",Funeral,3:04,2/2/20,2/16/20
I Don't Care (with Justin Bieber),"Ed Sheeran, Justin Bieber",No.6 Collaborations Project,3:39,9/5/19,9/8/19
I Don't Sleep (ft. Takeoff),"Lil Wayne, Takeoff",Funeral,3:20,2/3/20,2/4/20
I Feel It Coming,"The Weeknd, Daft Punk",Starboy,4:29,2/10/21,2/12/21
I Forgot That You Existed,Taylor Swift,Lover,2:50,9/5/19,9/8/19
I Know,Post Malone,Hollywood's Bleeding,2:21,9/8/19,9/16/19
I Love Me,Demi Lovato,I Love Me,3:23,3/8/20,3/15/20
i n t e r l u d e,J. Cole,i n t e r l u d e,2:11,5/9/21,
I Saw Mommy Kissing Santa Claus,The Jackson 5,Jackson Five Christmas Album,2:59,12/26/19,12/28/19
I Saw Mommy Kissing Santa Claus,The Jackson 5,Merry Christmas,3:01,12/25/20,12/27/20
I Should Probably Go To Bed,Dan + Shay,I Should Probably Go To Bed,2:51,8/2/20,8/3/20
I Wanna Rock (feat. Gunna),"G-Eazy, Gunna",Scary Nights,2:43,10/20/19,10/22/19
I Want It,Juice WRLD,Legends Never Die,2:53,7/12/20,7/21/20
I'll Wait,"Kygo, Sasha Sloan",I'll Wait,3:35,4/5/20,4/6/20
I'm Gonna Be,Post Malone,Hollywood's Bleeding,3:20,9/14/19,9/27/19
I'm Ready For You,Bryson Tiller,A N N I V E R S A R Y,2:54,10/4/20,10/5/20
I'm Sorry,Lil Uzi Vert,Eternal Atake,3:31,3/8/20,3/17/20
Ice Cream (with Selena Gomez),"BLACKPINK, Selena Gomez",Ice Cream (with Selena Gomez),2:55,8/30/20,9/20/20
Ice Cream (with Selena Gomez),"BLACKPINK, Selena Gomez",THE ALBUM,2:55,10/4/20,10/6/20
if i were u (with Lauv),"blackbear, Lauv",everything means nothing,3:06,8/23/20,8/24/20
If the World Was Ending - feat. Julia Michaels,"JP Saxe, Julia Michaels",If the World Was Ending (feat. Julia Michaels),3:28,4/8/20,5/2/20
Ignorantes,"Bad Bunny, Sech",YHLQMDLG,3:30,3/2/20,3/15/20
illicit affairs,Taylor Swift,folklore,3:10,7/26/20,8/9/20
ily (i love you baby) (feat. Emilee),"Surf Mesa, Emilee",ily (i love you baby) (feat. Emilee),2:56,5/22/20,6/16/20
Im Gonna Be,Post Malone,Hollywood's Bleeding,3:20,9/8/19,9/14/19
Immortal,21 Savage,Immortal,4:14,11/3/19,11/21/19
In My Room,Frank Ocean,In My Room,2:13,11/5/19,11/11/19
In Too Deep,Eminem,Music To Be Murdered By,3:14,1/19/20,1/22/20
In Your Eyes,The Weeknd,After Hours,3:57,3/22/20,2/13/21
Instant Destiny,Tame Impala,The Slow Rush,3:14,2/16/20,2/17/20
Intentions (feat. Quavo),"Justin Bieber, Quavo",Changes,3:32,2/16/20,8/11/20
Intentions,"Justin Bieber, Quavo",Intentions,3:32,2/9/20,2/16/20
Internet,Post Malone,Hollywood's Bleeding,2:03,9/8/19,9/16/19
Into the Unknown,"Idina Menzel, AURORA",Frozen 2 (Original Motion Picture Soundtrack/Deluxe Edition),3:14,11/26/19,12/7/19
Intro,"21 Savage, Metro Boomin",SAVAGE MODE II,1:10,10/4/20,10/6/20
INTRO,DaBaby,INTRO,2:52,9/22/19,9/29/19
INTRO,DaBaby,KIRK,2:52,9/29/19,10/17/19
invisible string,Taylor Swift,folklore,4:12,7/26/20,8/13/20
iPHONE (with Nicki Minaj),"DaBaby, Nicki Minaj",KIRK,3:11,9/29/19,9/30/19
It Might Be Time,Tame Impala,It Might Be Time,4:33,10/31/19,11/1/19
It's Beginning to Look a Lot Like Christmas (with Mitchell Ayres & His Orchestra),"Perry Como, The Fontane Sisters, Mitchell Ayres & His Orchestra",Greatest Christmas Songs,2:35,12/24/19,12/27/20
It's Beginning to Look a Lot like Christmas,Michael Bublé,Christmas,3:26,11/30/19,12/28/20
It's the Most Wonderful Time of the Year,Andy Williams,The Andy Williams Christmas Album,2:31,11/30/19,12/28/20
ivy,Taylor Swift,evermore,4:20,12/13/20,12/20/20
I’m Ready (with Demi Lovato),"Sam Smith, Demi Lovato",I’m Ready (with Demi Lovato),3:20,4/18/20,4/28/20
JACKBOYS,JACKBOYS,JACKBOYS,46,12/29/19,12/31/19
Jangueo,"Anuel AA, Tego Calderon",Emmanuel,3:51,7/5/20,7/8/20
Jerry Sprunger (with T-Pain),"Tory Lanez, T-Pain",Chixtape 5,3:53,11/17/19,11/22/19
Jesus Is Lord,Kanye West,JESUS IS KING,49,10/27/19,11/1/19
Jingle Bell Rock,Bobby Helms,Jingle Bell Rock/Captain Santa Claus (And His Reindeer Space Patrol),2:10,11/28/20,12/28/20
Jingle Bell Rock,Bobby Helms,The Classic Years: 1956-1962,2:10,11/30/19,11/28/20
Joy To The World,Nat King Cole,The Christmas Song (Expanded Edition),1:24,12/27/19,12/27/20
JU$T (feat. Pharrell Williams & Zack de la Rocha),"Run The Jewels, Zack De La Rocha, Pharrell Williams",RTJ4,3:25,6/7/20,6/8/20
Juice WRLD Speaks From Heaven - Outro,Juice WRLD,Legends Never Die,30,7/12/20,7/14/20
Juice WRLD Speaks From Heaven,Juice WRLD,Legends Never Die,30,7/14/20,7/18/20
JUMP (feat. YoungBoy Never Broke Again),"DaBaby, YoungBoy Never Broke Again",BLAME IT ON BABY,3:32,4/18/20,4/24/20
Jump - 2015 Remaster,Van Halen,1984 (Remastered),4:01,10/9/20,10/9/20
Jump Then Fall (Taylor’s Version),Taylor Swift,Fearless (Taylor's Version),3:57,4/11/21,4/13/21
just like magic,Ariana Grande,Positions,2:29,11/3/20,11/13/20
JUST LIKE YOU,NF,CLOUDS (THE MIXTAPE),4:11,3/27/21,3/29/21
Kacey Talk,YoungBoy Never Broke Again,Top,2:31,9/13/20,9/14/20
King Of My City,A Boogie Wit da Hoodie,King Of My City,2:28,2/2/20,2/7/20
Kiss Me More (feat. SZA),"Doja Cat, SZA",Kiss Me More (feat. SZA),3:28,4/11/21,
Knocked Off,YoungBoy Never Broke Again,"Still Flexin, Still Steppin",2:07,2/23/20,2/24/20
Know,"DJ Many, Donny Osmond",Know,2:37,4/22/21,4/26/21
Know My Rights (feat. Lil Baby),"6LACK, Lil Baby",6pc Hot EP,3:14,6/29/20,6/30/20
Know Your Worth,"Khalid, Disclosure",Know Your Worth,3:01,2/9/20,2/21/20
La Difícil,Bad Bunny,YHLQMDLG,2:43,3/2/20,3/31/20
LA DROGA,Bad Bunny,EL ÚLTIMO TOUR DEL MUNDO,2:42,11/28/20,12/1/20
LA NOCHE DE ANOCHE,"Bad Bunny, ROSALÍA",EL ÚLTIMO TOUR DEL MUNDO,3:23,11/28/20,3/2/21
La Santa,"Bad Bunny, Daddy Yankee",YHLQMDLG,3:26,3/2/20,3/10/20
La Zona,Bad Bunny,YHLQMDLG,2:16,3/2/20,3/5/20
Lalala,"Y2K, bbno$",Lalala,2:40,9/5/19,10/30/19
Landed,Drake,Dark Lane Demo Tapes,2:32,5/2/20,5/7/20
Last Christmas,Wham!,LAST CHRISTMAS,4:22,11/30/19,12/28/20
Laugh Now Cry Later (feat. Lil Durk),"Drake, Lil Durk",Laugh Now Cry Later (feat. Lil Durk),4:21,8/16/20,5/3/21
Lay Wit Ya (feat. Duke Deuce),"Isaiah Rashad, Duke Deuce",Lay Wit Ya (feat. Duke Deuce),3:17,5/9/21,5/10/21
Leader Of The Delinquents,Kid Cudi,Leader Of The Delinquents,3:09,4/15/20,4/16/20
Leaders (feat. NAV),"Lil Uzi Vert, NAV",Eternal Atake (Deluxe) - LUV vs. The World 2,3:14,3/15/20,3/19/20
Lean Wit Me,Juice WRLD,Goodbye & Good Riddance,2:55,12/10/19,12/15/19
Leave The Door Open,"Bruno Mars, Anderson .Paak, Silk Sonic",Leave The Door Open,4:02,3/7/21,
Leaving Heaven (feat. Skylar Grey),"Eminem, Skylar Grey",Music To Be Murdered By,4:25,1/19/20,1/22/20
Legends,Juice WRLD,Legends,3:11,12/10/19,12/29/19
Lemon Pepper Freestyle (feat. Rick Ross),"Drake, Rick Ross",Scary Hours 2,6:23,3/7/21,3/30/21
"Lemonade (feat. Gunna, Don Toliver & NAV)","Internet Money, Gunna, Don Toliver, NAV",B4 The Storm,3:15,8/30/20,
Lemonade (Feat. Roddy Ricch & Don Toliver) [Remix],"Internet Money, Don Toliver, Roddy Ricch",Lemonade (Feat. Roddy Ricch & Don Toliver) [Remix],3:01,10/8/20,10/10/20
Lemonade,"Internet Money, Gunna, Don Toliver, NAV","Lemonade (feat. Gunna, Don Toliver & NAV)",3:15,8/16/20,8/30/20
Leray,Trippie Redd,A Love Letter To You 4,2:02,11/24/19,11/25/19
Let It Snow! Let It Snow! Let It Snow! (with The B. Swanson Quartet),"Frank Sinatra, B. Swanson Quartet",Christmas Songs by Sinatra,2:35,12/9/19,12/28/20
Let It Snow! Let It Snow! Let It Snow!,Dean Martin,A Winter Romance,1:57,12/26/19,12/28/20
Let It Snow! Let It Snow! Let It Snow!,"Frank Sinatra, B. Swanson Quartet",Christmas Songs by Sinatra,2:35,12/1/19,12/6/19
Let Me Know (I Wonder Why Freestyle),Juice WRLD,Let Me Know (I Wonder Why Freestyle),3:35,12/11/19,12/29/19
Lets Link,WhoHeem,Lets Link,2:39,9/3/20,9/13/20
Level of Concern,Twenty One Pilots,Level of Concern,3:40,4/12/20,4/23/20
Levitating (feat. DaBaby),"Dua Lipa, DaBaby",Future Nostalgia,3:23,11/3/20,
Levitating,Dua Lipa,Future Nostalgia,3:23,3/29/20,3/30/20
Liar,Camila Cabello,Liar,3:27,9/8/19,11/2/19
Lie Lie Lie,Joshua Bassett,Lie Lie Lie,2:56,1/17/21,1/18/21
Life Goes On,BTS,BE,3:27,11/22/20,11/28/20
Life Is Good (feat. Drake),"Future, Drake",High Off Life,3:57,5/17/20,1/3/21
Life Is Good (feat. Drake),"Future, Drake",Life Is Good (feat. Drake),3:57,1/12/20,5/17/20
"Life Is Good (feat. Drake, DaBaby & Lil Baby) - Remix","Future, DaBaby, Drake, Lil Baby","Life Is Good (feat. Drake, DaBaby & Lil Baby) [Remix]",5:15,2/23/20,2/29/20
Life's A Mess (feat. Halsey),"Juice WRLD, Halsey",Legends Never Die,3:22,7/12/20,8/16/20
Life's A Mess (feat. Halsey),"Juice WRLD, Halsey",Life's A Mess (feat. Halsey),3:22,7/9/20,7/12/20
Life's A Mess II (with Clever & Post Malone),"Juice WRLD, Clever, Post Malone",Life’s A Mess II (with Clever & Post Malone),3:26,3/7/21,3/8/21
Lights Up,Harry Styles,Fine Line,2:52,12/15/19,12/23/19
Lights Up,Harry Styles,Lights Up,2:52,10/13/19,11/26/19
Lights Up,Harry Styles,Watermelon Sugar,2:52,11/26/19,12/9/19
LIGHTSKIN SH*T (feat. Future & jetsonmade),"DaBaby, Future, jetsonmade",BLAME IT ON BABY,1:51,4/18/20,4/21/20
Like It's Christmas,Jonas Brothers,Like It's Christmas,3:20,12/26/19,12/28/19
Lion King On Ice,J. Cole,Lewis Street,3:30,7/25/20,7/31/20
Lithuania (feat. Travis Scott),"Big Sean, Travis Scott",Detroit 2,3:19,9/6/20,9/10/20
Little Engine,Eminem,Music To Be Murdered By,2:57,1/19/20,1/20/20
Little Saint Nick - 1991 Remix,"The Beach Boys, Mark Linett, Sweet, Larry Walsh",The Beach Boys' Christmas Album,1:58,12/27/19,12/27/20
Little Things (with Quinn XCII & Chelsea Cutler),"Louis The Child, Quinn XCII, Chelsea Cutler",Little Things (with Quinn XCII & Chelsea Cutler),3:17,4/5/20,4/6/20
Live Off My Closet (feat. Future),"Lil Baby, Future",My Turn,2:53,2/29/20,3/7/20
Livin’ The Dream,Morgan Wallen,Dangerous: The Double Album,3:59,1/10/21,1/18/21
Lo Mein,Lil Uzi Vert,Eternal Atake,3:15,3/8/20,4/10/20
Lo Vas A Olvidar (with ROSALÍA),"Billie Eilish, ROSALÍA",Lo Vas A Olvidar (with ROSALÍA),3:23,1/25/21,1/31/21
Lock It Up (feat. Anderson .Paak),"Eminem, Anderson .Paak",Music To Be Murdered By,2:50,1/19/20,1/22/20
LOCKED UP PT. 2,"6ix9ine, Akon",TattleTales,3:23,9/6/20,9/7/20
Lonely (with benny blanco),"Justin Bieber, benny blanco",Justice,2:29,3/25/21,3/29/21
Lonely (with benny blanco),"Justin Bieber, benny blanco",Lonely (with benny blanco),2:29,10/18/20,1/18/21
Lonely,"Justin Bieber, benny blanco",Justice,2:29,3/20/21,3/25/21
long story short,Taylor Swift,evermore,3:35,12/13/20,12/20/20
Longing Heart,Mayar Jenisk,Longing Heart,3:15,9/21/20,9/23/20
Look At Her Now,Selena Gomez,Look At Her Now,2:42,10/26/19,11/24/19
Look At Her Now,Selena Gomez,Rare,2:42,1/12/20,1/14/20
"Look at Me, Don't Look at Me",TW3LVE,Out of Touch,3:09,12/21/20,12/22/20
Lord I Know,Kid Cudi,Man On The Moon III: The Chosen,3:32,12/13/20,12/13/20
Lose Somebody,"Kygo, OneRepublic",Golden Hour,3:19,5/30/20,6/4/20
Lose Somebody,"Kygo, OneRepublic",Lose Somebody,3:19,5/17/20,5/19/20
Lose You To Love Me,Selena Gomez,Lose You To Love Me,3:26,10/25/19,1/12/20
Lose You To Love Me,Selena Gomez,Rare,3:26,1/12/20,2/16/20
Losses,Drake,Dark Lane Demo Tapes,4:31,5/2/20,5/6/20
LOST,"NF, Hopsin",LOST,3:54,3/14/21,3/15/21
Lost In Yesterday,Tame Impala,Lost In Yesterday,4:09,1/10/20,1/11/20
Lotus,Lil Uzi Vert,Eternal Atake (Deluxe) - LUV vs. The World 2,3:13,3/15/20,3/19/20
Louder than bombs,BTS,MAP OF THE SOUL : 7,3:37,2/23/20,2/24/20
love language,Ariana Grande,Positions,2:59,11/3/20,11/5/20
Love Me,Lil Tecca,We Love You Tecca,1:57,9/5/19,9/18/19
Love Me More,Trippie Redd,A Love Letter To You 4,2:23,11/24/19,11/30/19
Love Me More,Trippie Redd,Love Me More,2:23,11/3/19,11/4/19
love race (feat. Kellin Quinn),"Machine Gun Kelly, Kellin Quinn",love race (feat. Kellin Quinn),3:08,5/3/21,5/8/21
Love Sick,Trippie Redd,A Love Letter To You 4,2:57,11/24/19,11/25/19
Love Story (Taylor’s Version),Taylor Swift,Fearless (Taylor's Version),3:55,4/11/21,4/18/21
Love Story (Taylor’s Version),Taylor Swift,Love Story (Taylor’s Version),3:55,2/14/21,2/23/21
Love You Different (feat. BEAM),"Justin Bieber, BEAM",Justice,3:06,3/25/21,3/26/21
Love You Different,"Justin Bieber, BEAM",Justice,3:06,3/20/21,3/25/21
Love You For A Long Time,Maggie Rogers,Love You For A Long Time,3:43,11/24/19,11/25/19
Loved By You (feat. Burna Boy),"Justin Bieber, Burna Boy",Justice,2:39,3/25/21,3/26/21
Loved By You,"Justin Bieber, Burna Boy",Justice,2:39,3/20/21,3/25/21
lovely (with Khalid),"Billie Eilish, Khalid",lovely (with Khalid),3:20,1/29/20,2/2/20
Lover (Remix) [feat. Shawn Mendes],"Taylor Swift, Shawn Mendes",Lover (Remix) [feat. Shawn Mendes],3:41,11/15/19,11/24/19
Lover,Taylor Swift,Lover,3:41,9/5/19,10/13/19
Lovesick Girls,BLACKPINK,THE ALBUM,3:12,10/4/20,10/10/20
Lovin’ Me (feat. Phoebe Bridgers),"Kid Cudi, Phoebe Bridgers",Man On The Moon III: The Chosen,2:45,12/13/20,12/13/20
Loyal (feat. Drake),"PARTYNEXTDOOR, Drake",Loyal (feat. Drake),3:17,11/24/19,11/30/19
Lucid Dreams,Juice WRLD,Goodbye & Good Riddance,3:59,12/10/19,3/20/21
Lucky Me,Big Sean,Detroit 2,4:08,9/6/20,9/7/20
Lullaby,Lil Uzi Vert,Pluto x Baby Pluto,4:21,11/14/20,11/15/20
M3tamorphosis (feat. Kid Cudi),"Playboi Carti, Kid Cudi",Whole Lotta Red,5:12,12/27/20,12/28/20
mad woman,Taylor Swift,folklore,3:57,7/26/20,8/8/20
Mahogany,Lil Wayne,Funeral,2:57,2/2/20,2/4/20
Make It Rain (feat. Rowdy Rebel),"Pop Smoke, Rowdy Rebel",Shoot For The Stars Aim For The Moon,3:22,7/5/20,7/11/20
Make It Rain,"Pop Smoke, Rowdy Rebel",Make It Rain,3:24,6/13/20,6/16/20
Make It Right (feat. Lauv),"BTS, Lauv",Make It Right (feat. Lauv),3:46,10/20/19,10/21/19
Make No Sense,YoungBoy Never Broke Again,AI YoungBoy 2,2:28,10/13/19,12/1/19
MALDITA POBREZA,Bad Bunny,EL ÚLTIMO TOUR DEL MUNDO,3:33,11/28/20,12/1/20
Mama Mia,Lil Wayne,Funeral,3:45,2/2/20,2/4/20
man i is,Logic,No Pressure,4:29,7/26/20,7/27/20
Man Of The Year,Juice WRLD,Legends Never Die,2:16,7/12/20,7/26/20
Many Men,"21 Savage, Metro Boomin",SAVAGE MODE II,3:21,10/4/20,10/11/20
marjorie,Taylor Swift,evermore,4:17,12/13/20,12/18/20
Marni On Me,"Future, Lil Uzi Vert",Pluto x Baby Pluto,2:13,11/14/20,11/16/20
Marsh,Eminem,Music To Be Murdered By,3:20,1/19/20,1/22/20
Martin & Gina,Polo G,THE GOAT,2:12,8/25/20,
Me Gusta (with Cardi B & Myke Towers),"Anitta, Myke Towers, Cardi B",Me Gusta (with Cardi B & Myke Towers),3:00,9/20/20,9/21/20
Mean It,"Lauv, LANY",how i'm feeling,3:52,11/17/19,11/24/19
Mele Kalikimaka (Merry Christmas),"Bing Crosby, The Andrews Sisters",White Christmas,2:55,12/27/19,12/28/19
Mele Kalikimaka - Single Version,"Bing Crosby, The Andrews Sisters",Their Complete Recordings Together,2:52,12/25/20,12/27/20
Memories,Maroon 5,Memories,3:09,9/22/19,2/13/20
MET GALA,Gunna,WUNNA,2:29,5/24/20,5/25/20
Met Him Last Night (feat. Ariana Grande),"Demi Lovato, Ariana Grande",Dancing With The Devil…The Art of Starting Over (Expanded Edition),3:24,4/4/21,4/22/21
MIDDLE CHILD,J. Cole,MIDDLE CHILD,3:33,9/5/19,6/5/20
Midnight Sky,Miley Cyrus,Midnight Sky,3:43,8/16/20,10/24/20
Might Not Give Up (feat. Young Thug),"A Boogie Wit da Hoodie, Young Thug",Artist 2.0,3:45,2/16/20,2/20/20
Million Dollar Play,"Future, Lil Uzi Vert",Pluto x Baby Pluto,2:46,11/14/20,11/16/20
mirrorball,Taylor Swift,folklore,3:28,7/26/20,8/10/20
Miss The Rage (feat. Playboi Carti),"Trippie Redd, Playboi Carti",Miss The Rage (feat. Playboi Carti),3:56,5/9/21,
Mistletoe,Justin Bieber,Under The Mistletoe (Deluxe Edition),3:02,12/1/19,12/28/20
Mistletoe And Holly - Remastered 1999,Frank Sinatra,A Jolly Christmas From Frank Sinatra,2:16,12/26/19,12/27/20
MLK Interlude,Justin Bieber,Justice,1:44,3/20/21,3/21/21
MODUS,Joji,Nectar,3:27,9/28/20,9/30/20
Money In The Grave (Drake ft. Rick Ross),"Drake, Rick Ross",The Best In The World Pack,3:25,9/5/19,2/9/20
Money Spread (feat. Young Nudy),"Lil Uzi Vert, Young Nudy",Eternal Atake (Deluxe) - LUV vs. The World 2,3:37,3/15/20,3/17/20
Monster (Shawn Mendes & Justin Bieber),"Shawn Mendes, Justin Bieber",Monster,2:58,11/22/20,12/5/20
Monster (Shawn Mendes & Justin Bieber),"Shawn Mendes, Justin Bieber",Wonder,2:58,12/5/20,1/25/21
Monster Mash,"Bobby ""Boris"" Pickett, The Crypt-Kickers",The Original Monster Mash,3:12,11/2/19,11/3/20
MONTERO (Call Me By Your Name),Lil Nas X,MONTERO (Call Me By Your Name),2:17,3/27/21,
Mood (feat. iann dior),"24kGoldn, iann dior",El Dorado,2:20,3/27/21,
Mood (feat. iann dior),"24kGoldn, iann dior",Mood (feat. iann dior),2:20,8/13/20,3/27/21
"Mood (Remix) feat. Justin Bieber, J Balvin & iann dior","24kGoldn, Justin Bieber, J Balvin, iann dior","Mood (Remix) feat. Justin Bieber, J Balvin & iann dior",3:12,11/7/20,11/14/20
Mood Swings (feat. Lil Tjay),"Pop Smoke, Lil Tjay",Shoot For The Stars Aim For The Moon,3:33,7/5/20,11/3/20
Mood Swings,A Boogie Wit da Hoodie,Mood Swings,2:36,9/15/19,9/17/19
Moon Relate,Lil Uzi Vert,Eternal Atake (Deluxe) - LUV vs. The World 2,3:01,3/15/20,3/18/20
Moonwalking in Calabasas (feat. Blueface) - Remix,"DDG, Blueface",Moonwalking in Calabasas (feat. Blueface) [Remix],2:50,10/25/20,11/14/20
Moral of the Story,Ashe,Moral of the Story,3:21,2/25/20,3/8/20
More Surprised Than Me,Morgan Wallen,Dangerous: The Double Album,2:37,1/10/21,1/15/21
More Than My Hometown,Morgan Wallen,Dangerous: The Double Album,3:36,1/10/21,2/10/21
More Than My Hometown,Morgan Wallen,More Than My Hometown,3:36,4/18/20,4/21/20
Motivation,Normani,Motivation,3:13,9/5/19,9/15/19
motive (with Doja Cat),"Ariana Grande, Doja Cat",Positions,2:47,11/3/20,11/15/20
MOTW,Gunna,WUNNA,2:32,5/24/20,5/25/20
Move Ya Hips (feat. Nicki Minaj & MadeinTYO),"A$AP Ferg, Nicki Minaj, MadeinTYO",Move Ya Hips (feat. Nicki Minaj & MadeinTYO),2:26,8/2/20,8/4/20
Mr. Perfectly Fine (Taylor’s Version) (From The Vault),Taylor Swift,Fearless (Taylor's Version),4:37,4/11/21,5/3/21
Mr. Perfectly Fine (Taylor’s Version) (From The Vault),Taylor Swift,Mr. Perfectly Fine (Taylor’s Version) (From The Vault),4:37,4/9/21,4/11/21
Mr. Right Now (feat. Drake),"21 Savage, Metro Boomin, Drake",SAVAGE MODE II,3:13,10/4/20,11/22/20
Mr. Solo Dolo III,Kid Cudi,Man On The Moon III: The Chosen,4:02,12/13/20,12/15/20
My Business (feat. Future),"NAV, Future",Good Intentions,3:19,5/10/20,5/11/20
My Dawg,"21 Savage, Metro Boomin",SAVAGE MODE II,3:01,10/4/20,10/8/20
my ex's best friend (with blackbear),"Machine Gun Kelly, blackbear",my ex's best friend (with blackbear),2:18,8/9/20,9/28/20
my ex's best friend (with blackbear),"Machine Gun Kelly, blackbear",Tickets To My Downfall,2:19,9/28/20,
my future,Billie Eilish,my future,3:28,8/2/20,8/30/20
my hair,Ariana Grande,Positions,2:38,11/3/20,11/7/20
My Kinda Folk,Luke Combs,What You See Ain't Always What You Get (Deluxe Edition),4:27,10/24/20,10/25/20
My Oh My (feat. DaBaby),"Camila Cabello, DaBaby",Romance,2:50,12/8/19,3/22/20
my tears ricochet,Taylor Swift,folklore,4:15,7/26/20,8/14/20
My Time,BTS,MAP OF THE SOUL : 7,3:54,2/23/20,2/24/20
My Window (feat. Lil Wayne),"YoungBoy Never Broke Again, Lil Wayne",Top,3:12,9/13/20,9/17/20
Myron,Lil Uzi Vert,Eternal Atake (Deluxe) - LUV vs. The World 2,3:44,3/15/20,6/29/20
Myself,Post Malone,Hollywood's Bleeding,2:38,9/8/19,9/20/19
MÁS DE UNA CITA,"Bad Bunny, Zion & Lennox",LAS QUE NO IBAN A SALIR,3:03,5/13/20,5/14/20
Narcos,Anuel AA,Emmanuel,4:19,7/6/20,7/8/20
Narrow Road (feat. Lil Baby),"NLE Choppa, Lil Baby",Narrow Road (feat. Lil Baby),4:00,8/2/20,8/3/20
NASTY (feat. Ashanti & Megan Thee Stallion),"DaBaby, Ashanti, Megan Thee Stallion",BLAME IT ON BABY,3:35,4/18/20,4/20/20
nasty,Ariana Grande,Positions,3:20,11/3/20,11/7/20
Neon Eyes,Morgan Wallen,Dangerous: The Double Album,3:46,1/10/21,1/15/21
Never Left,Lil Tecca,Never Left,2:48,5/8/21,
Never Love Again,Eminem,Music To Be Murdered By,2:57,1/19/20,1/20/20
New N3on,Playboi Carti,Whole Lotta Red,1:56,12/27/20,12/29/20
No Auto (feat. Lil Durk),"Lil Uzi Vert, Lil Durk",Eternal Atake (Deluxe) - LUV vs. The World 2,2:15,3/15/20,3/17/20
"no body, no crime (feat. HAIM)","Taylor Swift, HAIM",evermore,3:35,12/13/20,1/1/21
No Debate (feat. Young Thug),"NAV, Young Thug",Good Intentions,2:08,5/10/20,5/11/20
No Guidance (feat. Drake),"Chris Brown, Drake",Indigo,4:20,9/5/19,1/12/20
No Idea,Don Toliver,Heaven Or Hell,2:34,3/20/20,3/22/20
No Idea,Don Toliver,No Idea,2:33,12/6/19,2/21/20
No Opp Left Behind,"21 Savage, Metro Boomin",SAVAGE MODE II,3:14,10/4/20,10/6/20
No Pressure - intro,Logic,No Pressure,2:54,7/26/20,7/28/20
No Regrets (feat. Don Toliver),"Eminem, Don Toliver",Music To Be Murdered By,3:20,1/19/20,1/22/20
No Role Modelz,J. Cole,2014 Forest Hills Drive,4:52,5/9/21,5/10/21
No Shame,5 Seconds of Summer,No Shame,3:10,2/9/20,2/10/20
No Sucker (feat. Moneybagg Yo),"Lil Baby, Moneybagg Yo",My Turn,3:08,2/29/20,3/2/20
No Time To Die,Billie Eilish,No Time To Die,4:02,2/16/20,3/8/20
Nobody's Love,Maroon 5,Nobody's Love,3:31,7/26/20,7/28/20
None Of Your Concern,Jhené Aiko,None Of Your Concern,4:22,11/17/19,11/19/19
Not Like Me,"Shotgun Shane, Young Buck, Bubba Sparxxx",Not Like Me,4:57,4/26/21,4/29/21
Not You Too (feat. Chris Brown),"Drake, Chris Brown",Dark Lane Demo Tapes,4:29,5/2/20,5/7/20
"Numbers (feat. Roddy Ricch, Gunna and London On Da Track)","A Boogie Wit da Hoodie, London On Da Track, Roddy Ricch, Gunna",Artist 2.0,3:08,2/28/20,3/8/20
"Numbers (feat. Roddy Ricch, Gunna and London On Da Track)","A Boogie Wit da Hoodie, Roddy Ricch, Gunna, London On Da Track",Artist 2.0,3:08,2/16/20,2/28/20
O Tannenbaum,Vince Guaraldi Trio,A Charlie Brown Christmas [2012 Remastered & Expanded Edition],5:09,12/27/19,12/27/20
obvious,Ariana Grande,Positions,2:26,11/3/20,11/7/20
Off Dat,"Future, Lil Uzi Vert",Pluto x Baby Pluto,3:04,11/14/20,11/15/20
Off My Face,Justin Bieber,Justice,2:36,3/20/21,3/29/21
OFF THE RIP,DaBaby,KIRK,1:55,9/29/19,9/30/19
off the table (with The Weeknd),"Ariana Grande, The Weeknd",Positions,3:59,11/3/20,11/13/20
OK Not To Be OK,"Marshmello, Demi Lovato",OK Not To Be OK,2:39,9/13/20,9/15/20
Old Town Road - Remix,"Lil Nas X, Billy Ray Cyrus",7 EP,2:37,9/5/19,9/11/19
ON (Feat. Sia),"BTS, Sia",MAP OF THE SOUL : 7,4:06,2/23/20,2/28/20
ON,BTS,MAP OF THE SOUL : 7,4:06,2/23/20,2/29/20
On God,Kanye West,JESUS IS KING,2:16,10/27/19,11/8/19
On Me,Lil Baby,On Me,2:15,1/11/21,4/30/21
On The Ground,ROSÉ,R,2:48,3/14/21,3/15/21
On The Road (feat. Meek Mill & Lil Baby),"Post Malone, Meek Mill, Lil Baby",Hollywood's Bleeding,3:38,9/8/19,10/13/19
Once A Day,Mac Miller,Circles,2:40,1/19/20,1/22/20
One More Time,Daft Punk,Discovery,5:20,2/25/21,2/26/21
One More Year,Tame Impala,The Slow Rush,5:24,2/16/20,2/17/20
One Of My,Future,High Off Life,2:22,5/17/20,5/18/20
Only The Young - Featured in Miss Americana,Taylor Swift,Only The Young (Featured in Miss Americana),2:37,2/5/20,2/6/20
Only Thing That’s Gone (feat. Chris Stapleton),"Morgan Wallen, Chris Stapleton",Dangerous: The Double Album,3:16,1/10/21,1/12/21
Only Wanna Be With You - Pokémon 25 Version,Post Malone,Only Wanna Be With You (Pokémon 25 Version),4:01,2/28/21,3/6/21
Open Mic\Aquarius III,Logic,No Pressure,5:03,7/26/20,7/27/20
Opp Stoppa (feat. 21 Savage),"YBN Nahmir, 21 Savage",Opp Stoppa (feat. 21 Savage),2:15,2/6/21,3/14/21
Oprah’s Bank Account (Lil Yachty & DaBaby feat. Drake),"Lil Yachty, DaBaby, Drake",Oprah’s Bank Account (Lil Yachty & DaBaby feat. Drake),3:26,3/12/20,4/18/20
Orphans,Coldplay,Orphans / Arabesque,3:17,10/27/19,10/28/19
OUT WEST (feat. Young Thug),"JACKBOYS, Travis Scott, Young Thug",JACKBOYS,2:37,3/7/20,3/8/20
OUT WEST (feat. Young Thug),"JACKBOYS, Young Thug",JACKBOYS,2:37,12/29/19,3/2/20
Outlaw (feat. Ben Burgess),"Morgan Wallen, Ben Burgess",Dangerous: The Double Album,3:49,1/10/21,1/15/21
Outta Time (feat. Drake),"Bryson Tiller, Drake",A N N I V E R S A R Y,3:18,10/4/20,10/8/20
Over,Playboi Carti,Whole Lotta Red,2:46,12/27/20,12/28/20
Over Now (with The Weeknd),"Calvin Harris, The Weeknd",Over Now (with The Weeknd),3:30,8/30/20,9/7/20
Over Your Head,"Future, Lil Uzi Vert",Over Your Head,3:06,8/3/20,8/6/20
P FKN R,"Bad Bunny, Kendo Kaponi, Arcangel",YHLQMDLG,4:18,3/2/20,3/3/20
P2,Lil Uzi Vert,Eternal Atake,3:54,3/8/20,6/13/20
PA' ROMPERLA,"Bad Bunny, Don Omar",LAS QUE NO IBAN A SALIR,3:14,5/13/20,5/14/20
Paid the Fine (feat. Lil Baby & YTB Trench),"Young Stoner Life, Young Thug, Gunna, Lil Baby, YTB Trench",Slime Language 2,3:21,4/18/21,4/19/21
Pain 1993 (with Playboi Carti),"Drake, Playboi Carti",Dark Lane Demo Tapes,2:29,5/2/20,5/17/20
Panama - 2015 Remaster,Van Halen,1984 (Remastered),3:30,10/9/20,10/9/20
Panini - DaBaby Remix,"Lil Nas X, DaBaby",Panini,2:31,9/15/19,10/22/19
Panini,Lil Nas X,7 EP,1:54,9/5/19,9/15/19
Panini,Lil Nas X,Panini,1:54,9/15/19,11/26/19
Paper Rings,Taylor Swift,Lover,3:42,9/5/19,9/7/19
Party Girl (Remix),"StaySolidRocky, Lil Uzi Vert",Fallin',2:27,7/19/20,7/31/20
Party Girl (Remix),"StaySolidRocky, Lil Uzi Vert",Party Girl (Remix),2:27,7/18/20,7/19/20
Party Girl,StaySolidRocky,Fallin',2:27,7/31/20,10/21/20
Party Girl,StaySolidRocky,Party Girl,2:27,5/7/20,7/18/20
Party Up,DMX,...And Then There Was X,4:28,4/11/21,4/14/21
peace,Taylor Swift,folklore,3:54,7/26/20,8/6/20
Peaches (feat. Daniel Caesar & Giveon),"Justin Bieber, Daniel Caesar, Giveon",Justice,3:18,3/25/21,
Peaches,"Justin Bieber, Daniel Caesar, Giveon",Justice,3:18,3/20/21,3/25/21
Perfect,Logic,No Pressure,1:40,7/26/20,8/1/20
Pero Ya No,Bad Bunny,YHLQMDLG,2:40,3/2/20,3/8/20
Peta (feat. Meek Mill),"Roddy Ricch, Meek Mill",Please Excuse Me For Being Antisocial,3:18,12/8/19,12/10/19
Physical,Dua Lipa,Future Nostalgia,3:13,3/29/20,4/5/20
Physical,Dua Lipa,Physical,3:13,2/2/20,2/9/20
PICK UP (feat. Quavo),"DaBaby, Quavo",BLAME IT ON BABY,1:58,4/18/20,4/24/20
Plastic,"Future, Lil Uzi Vert",Pluto x Baby Pluto,3:13,11/14/20,11/15/20
Plastic Doll,Lady Gaga,Chromatica,3:41,5/30/20,6/1/20
Play Date,Melanie Martinez,Cry Baby (Deluxe Edition),2:59,5/7/20,6/4/20
Playing Games (with Bryson Tiller) - Extended Version,"Summer Walker, Bryson Tiller",Over It,2:23,10/6/19,10/13/19
POP,Lil Uzi Vert,Eternal Atake,3:47,3/8/20,3/16/20
Pop Out (feat. Lil Tjay),"Polo G, Lil Tjay",Die A Legend,2:46,9/5/19,11/13/19
POP STAR (feat. Kevin Gates),"DaBaby, Kevin Gates",KIRK,3:02,9/29/19,9/30/19
POPSTAR (feat. Drake),"DJ Khaled, Drake",POPSTAR (feat. Drake),3:20,7/19/20,11/18/20
positions,Ariana Grande,Positions,2:52,10/24/20,4/11/21
Posted With Demons,Future,High Off Life,3:09,5/17/20,5/18/20
Potential Breakup Song,Aly & AJ,Potential Breakup Song,3:38,12/30/20,1/1/21
Pots N Pans (feat. Lil Duke & NAV),"Young Stoner Life, Lil Duke, NAV",Slime Language 2,3:13,4/18/21,4/19/21
pov,Ariana Grande,Positions,3:21,11/3/20,1/10/21
PRACTICE,DaBaby,BLAME IT ON BABY (DELUXE),2:02,10/26/20,11/14/20
Premonition - Intro,Eminem,Music To Be Murdered By,2:53,1/19/20,1/22/20
Pretty Savage,BLACKPINK,THE ALBUM,3:19,10/4/20,10/5/20
Prices,Lil Uzi Vert,Eternal Atake,3:53,3/8/20,3/20/20
Prisoner (feat. Dua Lipa),"Miley Cyrus, Dua Lipa",Plastic Hearts,2:49,11/28/20,12/12/20
Prisoner (feat. Dua Lipa),"Miley Cyrus, Dua Lipa",Prisoner (feat. Dua Lipa),2:49,11/22/20,11/28/20
PROLLY HEARD,DaBaby,KIRK,2:23,9/29/19,9/30/19
Prospect (ft. Lil Baby),"iann dior, Lil Baby",I'm Gone,3:46,7/1/20,7/12/20
Proud of You (feat. Lil Uzi Vert & Yung Kayo),"Young Stoner Life, Young Thug, Lil Uzi Vert, Yung Kayo",Slime Language 2,3:31,4/18/21,4/22/21
PTSD,"G Herbo, Chance the Rapper, Juice WRLD, Lil Uzi Vert",PTSD,3:52,3/4/20,4/25/20
PTSD,"G Herbo, Juice WRLD, Lil Uzi Vert, Chance the Rapper",PTSD,3:52,4/25/20,5/24/20
Put Your Records On,Ritt Momney,Put Your Records On,3:30,9/20/20,1/10/21
Que Malo,"Bad Bunny, Nengo Flow",YHLQMDLG,2:47,3/2/20,3/5/20
Que Se Joda,"Anuel AA, Farruko, Zion",Emmanuel,3:46,8/6/20,8/7/20
Racks 2 Skinny,Migos,Racks 2 Skinny,2:58,5/17/20,5/18/20
Rags2Riches (feat. ATR Son Son),"Rod Wave, ATR Son Son",Pray 4 Love,2:47,7/9/20,8/17/20
Rags2Riches 2 (feat. Lil Baby),"Rod Wave, Lil Baby",Pray 4 Love (Deluxe),3:55,8/9/20,9/3/20
Rain On Me (with Ariana Grande),"Lady Gaga, Ariana Grande",Chromatica,3:02,5/30/20,1/3/21
Rain On Me (with Ariana Grande),"Lady Gaga, Ariana Grande",Rain On Me (with Ariana Grande),3:02,5/24/20,5/30/20
Ramen & OJ,"Joyner Lucas, Lil Baby",Ramen & OJ,3:38,5/3/21,
Ransom (with Juice WRLD) - Remix,"Lil Tecca, Juice WRLD",We Love You Tecca,2:51,9/5/19,12/14/19
Ransom,Lil Tecca,We Love You Tecca,2:11,9/5/19,2/12/20
RAPSTAR,Polo G,RAPSTAR,2:45,4/11/21,
Rare,Selena Gomez,Rare,3:40,1/12/20,2/8/20
RAW SHIT (feat. Migos),"DaBaby, Migos",KIRK,3:36,9/29/19,10/6/19
Real (feat. Unfoonk),"Young Stoner Life, Young Thug, Unfoonk",Slime Language 2,3:13,4/18/21,4/19/21
Real As It Gets (feat. EST Gee),"Lil Baby, EST Gee",Real As It Gets (feat. EST Gee),3:12,3/7/21,3/15/21
Real Baby Pluto,"Future, Lil Uzi Vert",Pluto x Baby Pluto,3:16,11/14/20,11/16/20
Real Feel,Trippie Redd,A Love Letter To You 4,4:18,11/24/19,11/25/19
Real Shit (with benny blanco),"Juice WRLD, benny blanco",Real Shit (with benny blanco),3:03,12/4/20,12/13/20
REALLY (feat. Stunna 4 Vegas),"DaBaby, Stunna 4 Vegas",KIRK,2:19,9/29/19,9/30/19
Reasons,Luke Combs,What You See Is What You Get,3:44,11/10/19,11/11/19
Red Eye,YoungBoy Never Broke Again,"Still Flexin, Still Steppin",2:36,2/23/20,2/25/20
"Rednecks, Red Letters, Red Dirt",Morgan Wallen,Dangerous: The Double Album,3:05,1/10/21,1/11/21
Reggaetonera,Anuel AA,Emmanuel,3:32,7/5/20,7/10/20
Reminds Me Of You,"Juice WRLD, The Kid LAROI",Reminds Me Of You,2:38,12/9/20,1/17/21
Repeat After Me (Interlude),The Weeknd,After Hours,3:15,3/22/20,3/27/20
Replay,Lady Gaga,Chromatica,3:06,5/30/20,6/1/20
Reply (feat. Lil Uzi Vert),"A Boogie Wit da Hoodie, Lil Uzi Vert",Reply (feat. Lil Uzi Vert),3:03,11/17/19,11/24/19
Rich Nigga Shit (feat. Young Thug),"21 Savage, Metro Boomin, Young Thug",SAVAGE MODE II,3:10,10/4/20,10/12/20
Richer (feat. Polo G),"Rod Wave, Polo G",SoulFly,3:10,3/27/21,4/26/21
Ridin Strikers,Future,High Off Life,3:45,5/17/20,5/18/20
Righteous,Juice WRLD,Legends Never Die,4:02,7/12/20,9/6/20
Righteous,Juice WRLD,Righteous,4:03,4/26/20,7/12/20
Ring,Selena Gomez,Rare,2:28,1/12/20,1/13/20
RIP Luv,"21 Savage, Metro Boomin",SAVAGE MODE II,3:34,10/4/20,10/6/20
Robbery,Juice WRLD,Death Race For Love,4:00,12/10/19,3/6/21
Rockin' Around The Christmas Tree,Brenda Lee,Merry Christmas From Brenda Lee,2:06,11/30/19,12/28/20
rockstar (feat. 21 Savage),"Post Malone, 21 Savage",beerbongs & bentleys,3:38,1/3/20,1/4/20
ROCKSTAR (feat. Roddy Ricch) - BLM REMIX,"DaBaby, Roddy Ricch",ROCKSTAR (feat. Roddy Ricch) [BLM REMIX],3:24,6/13/20,6/19/20
ROCKSTAR (feat. Roddy Ricch),"DaBaby, Roddy Ricch",BLAME IT ON BABY,3:01,4/18/20,
Rockstar Chainz,Future,Pluto x Baby Pluto,3:01,11/14/20,11/15/20
Rockstar Knights (with Trippie Redd),"Kid Cudi, Trippie Redd",Man On The Moon III: The Chosen,3:51,12/13/20,12/14/20
Rockstar Made,Playboi Carti,Whole Lotta Red,3:13,12/26/20,12/27/20
Rojo,J Balvin,Colores,2:30,3/22/20,3/23/20
ROLLIN N CONTROLLIN FREESTYLE,DUSTY LOCANE,ROLLIN N CONTROLLIN FREESTYLE,3:11,3/11/21,3/14/21
Roses - Imanbek Remix,"SAINt JHN, Imanbek",Roses (Imanbek Remix),2:56,3/21/20,11/3/20
Roses - Imanbek Remix,"SAINt JHN, Imanbek",While The World Was Burning,2:56,1/1/21,1/3/21
ROXANNE,Arizona Zervas,ROXANNE,2:43,10/30/19,7/2/20
Rudolph The Red-Nosed Reindeer,Burl Ives,Have A Holly Jolly Christmas,2:10,12/25/20,12/27/20
Ruff Ryders' Anthem,DMX,It's Dark And Hell Is Hot,3:34,4/11/21,4/14/21
Run,Joji,Run,3:15,2/8/20,2/16/20
Run It Up (feat. Offset & Moneybagg Yo),"Lil Tjay, Offset, Moneybagg Yo",Destined 2 Win,3:52,4/4/21,
Run It Up (feat. Pop Smoke),"NAV, Pop Smoke",Good Intentions,2:59,5/10/20,5/11/20
Run Rudolph Run - Single Version,Chuck Berry,Rock 'N' Roll Rarities,2:45,12/25/19,12/27/20
Runaway,AURORA,All My Demons Greeting Me As A Friend (Deluxe),4:08,4/20/21,
Runnin,"21 Savage, Metro Boomin",SAVAGE MODE II,3:15,10/4/20,11/22/20
Runnin' with the Devil - 2015 Remaster,Van Halen,Van Halen (Remastered),3:34,10/9/20,10/9/20
Running Over (feat. Lil Dicky),"Justin Bieber, Lil Dicky",Changes,2:59,2/16/20,2/18/20
Sad People,Kid Cudi,Man On The Moon III: The Chosen,2:56,12/13/20,12/14/20
SAD SH*T,DaBaby,BLAME IT ON BABY,3:37,4/18/20,4/21/20
Safaera,"Bad Bunny, Jowell & Randy, Nengo Flow",YHLQMDLG,4:55,3/2/20,4/8/20
safety net (feat. Ty Dolla $ign),"Ariana Grande, Ty Dolla $ign",Positions,3:28,11/3/20,11/8/20
Said N Done,"21 Savage, Metro Boomin",SAVAGE MODE II,3:51,10/4/20,10/6/20
Saint Laurenttt,NAV,Good Intentions,2:50,5/10/20,5/11/20
Saint-Tropez,Post Malone,Hollywood's Bleeding,2:30,9/8/19,10/27/19
Same Thing,Lil Baby,My Turn,2:42,2/29/20,3/2/20
Sand In My Boots,Morgan Wallen,Dangerous: The Double Album,3:22,1/10/21,3/7/21
Santa Baby (with Henri René & His Orchestra),"Eartha Kitt, Henri Rene & His Orchestra",Heavenly Eartha,3:26,12/26/19,12/27/20
Santa Baby,"Ariana Grande, Liz Gillies",Christmas Kisses,2:50,12/27/19,12/28/19
Santa Baby,Kylie Minogue,Kylie Christmas,3:21,12/25/20,12/27/20
Santa Claus Is Coming To Town,The Jackson 5,Jackson Five Christmas Album,2:28,12/26/19,12/28/19
Santa Claus Is Coming To Town,The Jackson 5,Merry Christmas,2:23,12/8/20,12/27/20
Santa Tell Me,Ariana Grande,Santa Tell Me,3:24,11/30/19,12/28/20
Sasuke,Lil Uzi Vert,Sasuke,4:11,4/27/20,4/30/20
Savage,Megan Thee Stallion,Suga,2:35,3/21/20,5/30/20
Savage Love (Laxed - Siren Beat),"Jawsh 685, Jason Derulo",Savage Love (Laxed - Siren Beat),2:51,6/19/20,10/27/20
Savage Remix (feat. Beyoncé),"Megan Thee Stallion, Beyoncé",Savage Remix (feat. Beyoncé),4:02,5/1/20,8/16/20
Save Your Tears (with Ariana Grande) (Remix),"The Weeknd, Ariana Grande",Save Your Tears (Remix),3:11,4/26/21,
Save Your Tears,The Weeknd,After Hours,3:35,3/22/20,
Say So (feat. Nicki Minaj),"Doja Cat, Nicki Minaj",Say So (feat. Nicki Minaj),3:26,5/2/20,6/9/20
Say So,Doja Cat,Hot Pink,3:57,1/5/20,1/3/21
Say So,"Doja Cat, Nicki Minaj",Say So,3:26,5/5/20,5/7/20
Scared To Live,The Weeknd,After Hours,3:11,3/22/20,3/30/20
Screw Juice,Juice WRLD,Legends Never Die,2:59,7/12/20,7/23/20
Second Emotion (feat. Travis Scott),"Justin Bieber, Travis Scott",Changes,3:22,2/16/20,2/18/20
Secure The Bag,Lil Uzi Vert,Eternal Atake,3:58,3/8/20,3/12/20
Selah,Kanye West,JESUS IS KING,2:44,10/27/19,11/4/19
Self Control,YoungBoy Never Broke Again,AI YoungBoy 2,3:05,10/13/19,10/18/19
Sept. 16,Kid Cudi,Man On The Moon III: The Chosen,4:09,12/13/20,12/14/20
September,"Earth, Wind & Fire","Now, Then & Forever",3:41,9/23/19,9/25/20
seven,Taylor Swift,folklore,3:28,7/26/20,8/10/20
Señorita,"Shawn Mendes, Camila Cabello",Shawn Mendes (Deluxe),3:10,9/5/19,1/12/20
Shake The Room (feat. Quavo),"Pop Smoke, Quavo",Meet The Woo 2,2:45,2/22/20,2/23/20
Shameless,Camila Cabello,Shameless,3:39,9/8/19,9/9/19
She,Harry Styles,Fine Line,6:02,12/15/19,12/20/19
She Knows This,Kid Cudi,Man On The Moon III: The Chosen,3:36,12/13/20,12/19/20
She Never Been To Pluto,"Future, Lil Uzi Vert",Pluto x Baby Pluto,3:24,11/14/20,11/15/20
Shots,Lil Tecca,We Love You Tecca,1:49,9/5/19,9/8/19
Shotta Flow (Feat. Blueface) [Remix],"NLE Choppa, Blueface",Shotta Flow (Feat. Blueface) [Remix],2:56,9/5/19,10/6/19
Shotta Flow 5,NLE Choppa,Shotta Flow 5,2:25,6/13/20,6/29/20
Shottas (Lala),Moneybagg Yo,A Gangsta’s Pain,2:02,4/26/21,5/3/21
Show Out (with Skepta & Pop Smoke),"Kid Cudi, Skepta, Pop Smoke",Man On The Moon III: The Chosen,2:54,12/13/20,12/18/20
shut up,Ariana Grande,Positions,2:37,11/3/20,11/7/20
Shy Away,Twenty One Pilots,Shy Away,2:55,4/10/21,4/17/21
SI ELLA SALE,Bad Bunny,LAS QUE NO IBAN A SALIR,2:23,5/13/20,5/14/20
Si Veo a Tu Mamá,Bad Bunny,YHLQMDLG,2:50,3/2/20,3/22/20
SICKO MODE,Travis Scott,ASTROWORLD,5:12,10/7/19,6/18/20
Silly Watch,Lil Uzi Vert,Eternal Atake,3:15,3/8/20,3/22/20
Silver Bells,Dean Martin,The Dean Martin Christmas Album,2:22,12/25/20,12/27/20
Sine From Above (with Elton John),"Lady Gaga, Elton John",Chromatica,4:04,5/30/20,6/1/20
Six Feet Apart,Luke Combs,What You See Is What You Get,3:19,5/2/20,5/5/20
six thirty,Ariana Grande,Positions,3:03,11/3/20,11/7/20
Ski,"Young Stoner Life, Young Thug, Gunna",Slime Language 2,2:32,4/18/21,5/7/21
Skin,Sabrina Carpenter,Skin,2:57,1/25/21,1/29/21
SKYBOX,Gunna,WUNNA,2:58,5/24/20,5/25/20
Slatty (feat. Yak Gotti & Lil Duke),"Young Stoner Life, Young Thug, Gunna, Lil Duke, Yak Gotti",Slime Language 2,4:50,4/18/21,4/19/21
Slay3r,Playboi Carti,Whole Lotta Red,2:44,12/27/20,12/31/20
Sleeping On The Floor,"Future, Lil Uzi Vert",Pluto x Baby Pluto,2:47,11/14/20,11/16/20
Sleepy Hollow,Trippie Redd,Sleepy Hollow,1:41,10/10/20,10/14/20
Sleigh Ride,Carpenters,Christmas Portrait (Special Edition/Reissue),2:39,12/25/20,12/27/20
Sleigh Ride,The Ronettes,Caroling at Christmas,3:01,11/28/20,12/5/20
Sleigh Ride,The Ronettes,NOW 100 Hits Christmas,3:00,12/26/19,12/28/19
Sleigh Ride,The Ronettes,Sleigh Ride,3:01,12/5/20,12/28/20
Slide Away,Miley Cyrus,Slide Away,3:53,9/5/19,9/22/19
Slidin,"21 Savage, Metro Boomin",SAVAGE MODE II,3:05,10/4/20,10/10/20
Smile (with The Weeknd),"Juice WRLD, The Weeknd",Legends Never Die,3:16,8/9/20,10/27/20
Snitches & Rats (feat. Young Nudy),"21 Savage, Metro Boomin, Young Nudy",SAVAGE MODE II,3:07,10/4/20,10/8/20
Snitches & Rats (Interlude),"21 Savage, Metro Boomin",SAVAGE MODE II,57,10/4/20,10/6/20
Snitching (feat. Quavo & Future),"Pop Smoke, Quavo, Future",Shoot For The Stars Aim For The Moon,4:19,7/5/20,7/6/20
Snow On Tha Bluff,J. Cole,Snow On Tha Bluff,3:55,6/18/20,6/23/20
Snowchild,The Weeknd,After Hours,4:07,3/22/20,3/29/20
Snowman,Sia,Everyday Is Christmas (Deluxe Edition),2:45,12/19/20,12/28/20
SO DONE,The Kid LAROI,F*CK LOVE (SAVAGE),2:06,11/7/20,1/10/21
SO DONE,The Kid LAROI,SO DONE,2:06,10/24/20,11/7/20
Sofia,Clairo,Immunity,3:08,10/6/20,11/27/20
Solid (feat. Drake),"Young Stoner Life, Young Thug, Gunna, Drake",Slime Language 2,3:35,4/18/21,
Solitaires (feat. Travis Scott),"Future, Travis Scott",High Off Life,3:25,5/17/20,5/26/20
Soliá,Bad Bunny,YHLQMDLG,2:39,3/2/20,3/6/20
"Solo Dolo, Pt. III",Kid Cudi,Man On The Moon III: The Chosen,4:02,12/15/20,12/16/20
Somebody,"Internet Money, Lil Tecca, A Boogie Wit da Hoodie",Somebody,2:54,11/12/19,11/15/19
Somebody,Justin Bieber,Justice,2:59,3/20/21,3/24/21
Somebody's Watching Me - Single Version,Rockwell,Scream,3:57,11/2/19,11/3/19
Somebody’s Problem,Morgan Wallen,Dangerous: The Double Album,2:41,1/10/21,2/19/21
Somebody’s Problem,Morgan Wallen,Somebody’s Problem,2:41,11/22/20,1/10/21
Someone You Loved,Lewis Capaldi,Divinely Uninspired To A Hellish Extent,3:02,9/5/19,3/7/21
Something Special,Pop Smoke,Shoot For The Stars Aim For The Moon,2:38,7/5/20,7/9/20
SORRY PAPI,"Bad Bunny, ABRA",EL Último Tour del Mundo,2:43,11/28/20,11/29/20
Soul Food II,Logic,No Pressure,5:33,7/26/20,7/27/20
SoulFly,Rod Wave,SoulFly,3:08,3/27/21,3/29/21
Sour Candy (with BLACKPINK),"Lady Gaga, BLACKPINK",Chromatica,2:37,5/30/20,6/12/20
Space Legend,Porky Slim,Space Legend,1:04,11/27/20,12/2/20
Spicy (feat. Post Malone),"Ty Dolla $ign, Post Malone",Featuring Ty Dolla $ign,2:23,10/24/20,11/3/20
Stain (feat. DaBaby),"A Boogie Wit da Hoodie, DaBaby",Artist 2.0,2:55,2/16/20,2/18/20
Starboy,"The Weeknd, Daft Punk",Starboy,3:50,2/10/21,2/14/21
STARGAZING,Travis Scott,ASTROWORLD,4:30,4/26/20,5/1/20
Staring At The Sun (feat. SZA),"Post Malone, SZA",Hollywood's Bleeding,2:48,9/8/19,9/23/19
Start Wit Me (feat. Gunna),"Roddy Ricch, Gunna",Please Excuse Me For Being Antisocial,2:38,12/8/19,1/19/20
Starting Over,Chris Stapleton,Starting Over,4:00,11/14/20,11/19/20
Status (feat. Lil Uzi Vert),"NAV, Lil Uzi Vert",Good Intentions,2:54,5/10/20,5/11/20
Stay High,Juice WRLD,Legends Never Die,2:48,7/12/20,7/26/20
Stepdad,Eminem,Music To Be Murdered By,3:33,1/19/20,1/22/20
Steppin On Niggas,"21 Savage, Metro Boomin",SAVAGE MODE II,2:20,10/4/20,10/6/20
Still Goin Down,Morgan Wallen,Dangerous: The Double Album,3:06,1/10/21,1/31/21
Still Goin Down,Morgan Wallen,Still Goin Down,3:06,11/22/20,11/25/20
Still Trappin' (with King Von),"Lil Durk, King Von",The Voice,2:52,12/28/20,12/29/20
Strawberry Peels (feat. Young Thug & Gunna),"Lil Uzi Vert, Gunna, Young Thug",Eternal Atake (Deluxe) - LUV vs. The World 2,1:55,3/15/20,3/18/20
Street Runner,Rod Wave,SoulFly,4:12,3/27/21,4/6/21
Street Runner,Rod Wave,Street Runner,4:12,3/14/21,3/20/21
Streets,Doja Cat,Hot Pink,3:46,1/15/21,
Stripes Like Burberry,"Future, Lil Uzi Vert",Pluto x Baby Pluto,4:34,11/14/20,11/18/20
Stuck In A Dream (feat. Gunna),"Lil Mosey, Gunna",Certified Hitmaker,2:03,11/10/19,1/12/20
Stuck In A Dream (feat. Gunna),"Lil Mosey, Gunna",Stuck In A Dream (feat. Gunna),2:03,10/6/19,11/10/19
Stuck with U (with Justin Bieber),"Ariana Grande, Justin Bieber",Stuck with U,3:48,5/10/20,7/12/20
Stupid Again,Tory Lanez,The New Toronto 3,2:54,4/12/20,4/15/20
Stupid Love,Lady Gaga,Chromatica,3:13,5/30/20,6/2/20
Stupid Love,Lady Gaga,Stupid Love,3:13,2/29/20,3/10/20
SUGAR,BROCKHAMPTON,GINGER,3:24,1/4/20,3/2/20
SugarCrash!,ElyOtto,SugarCrash!,1:20,3/6/21,3/19/21
Suge,DaBaby,Baby On Baby,2:43,9/5/19,2/19/20
Suicidal (Remix) [feat. Juice WRLD],"YNW Melly, Juice WRLD",Suicidal (Remix) [feat. Juice WRLD],3:45,3/15/20,5/17/20
Suicidal,YNW Melly,Melly vs. Melvin,3:42,12/20/19,4/5/20
Sum 2 Prove,Lil Baby,My Turn,3:25,2/29/20,3/8/20
Sum 2 Prove,Lil Baby,Sum 2 Prove,3:25,1/12/20,2/29/20
Sunday Best,Surfaces,Where the Light Is,2:38,2/13/20,1/3/21
Sunflower - Spider-Man: Into the Spider-Verse,"Post Malone, Swae Lee",Hollywood's Bleeding,2:37,9/8/19,5/3/21
Sunflower - Spider-Man: Into the Spider-Verse,"Post Malone, Swae Lee",Spider-Man: Into the Spider-Verse (Soundtrack From & Inspired by the Motion Picture),2:38,9/5/19,9/8/19
"Sunflower, Vol. 6",Harry Styles,Fine Line,3:41,12/15/19,12/20/19
Supalonely,"BENEE, Gus Dapperton",STELLA & STEVE,3:43,3/10/20,7/12/20
Surf,Mac Miller,Circles,5:30,1/19/20,1/22/20
Sweater Weather,The Neighbourhood,I Love You.,4:00,11/19/20,
Swervin' In My Lane,No Name No Fame,Swervin' In My Lane,1:50,3/19/21,3/20/21
"T.D (Lil Yachty & Tierra Whack feat. A$AP Rocky & Tyler, The Creator)","Lil Yachty, Tierra Whack, A$AP Rocky, Tyler, The Creator",Lil Boat 3,3:52,5/30/20,6/3/20
Take It Out On Me,Justin Bieber,Changes,2:58,2/16/20,2/17/20
Take What You Want (feat. Ozzy Osbourne & Travis Scott),"Post Malone, Ozzy Osbourne, Travis Scott",Hollywood's Bleeding,3:49,9/8/19,12/9/19
Talk (feat. Disclosure),"Khalid, Disclosure",Free Spirit,3:17,9/25/19,10/20/19
Talk,Khalid,Free Spirit,3:17,9/5/19,9/25/19
TALK ABOUT IT,DaBaby,BLAME IT ON BABY,2:39,4/18/20,4/21/20
Tampa,Cico P,Sweet Union,2:56,5/5/21,
Tangerine,Glass Animals,Dreamland,3:20,8/9/20,8/10/20
"Tap In (feat. Post Malone, DaBaby & Jack Harlow)","Saweetie, Post Malone, DaBaby, Jack Harlow","Tap In (feat. Post Malone, DaBaby & Jack Harlow)",4:13,9/6/20,9/7/20
Tap In,Saweetie,Tap In,2:19,8/17/20,9/8/20
TE DESEO LO MEJOR,Bad Bunny,EL ÚLTIMO TOUR DEL MUNDO,2:19,11/28/20,12/3/20
TE MUDASTE,Bad Bunny,EL ÚLTIMO TOUR DEL MUNDO,2:10,11/28/20,12/4/20
Teach Me How To Love,Shawn Mendes,Wonder,3:22,12/5/20,12/6/20
telepatía,Kali Uchis,Sin Miedo (del Amor y Otros Demonios) ∞,2:40,2/19/21,
Tell Me U Luv Me (with Trippie Redd),"Juice WRLD, Trippie Redd",Legends Never Die,3:00,7/12/20,7/26/20
Tell Me U Luv Me (with Trippie Redd),"Juice WRLD, Trippie Redd",Tell Me U Luv Me (with Trippie Redd),3:00,5/30/20,6/13/20
Tell Me Why (Taylor’s Version),Taylor Swift,Fearless (Taylor's Version),3:20,4/11/21,4/14/21
Tequila Shots,Kid Cudi,Man On The Moon III: The Chosen,3:13,12/13/20,1/10/21
test drive,Ariana Grande,Positions (Deluxe),2:02,2/21/21,2/28/21
That Way - Bonus Track,Lil Uzi Vert,Eternal Atake,3:32,3/8/20,4/26/20
That Way,Lil Uzi Vert,That Way,3:32,3/3/20,3/10/20
That's On Me,Mac Miller,Circles,3:37,1/19/20,1/22/20
That’s It,"Future, Lil Uzi Vert",Pluto x Baby Pluto,3:48,11/14/20,11/19/20
That’s When (feat. Keith Urban) (Taylor’s Version) (From The Vault),"Taylor Swift, Keith Urban",Fearless (Taylor's Version),3:09,4/11/21,4/15/21
the 1,Taylor Swift,folklore,3:30,7/26/20,12/13/20
The Adventures of Moon Man & Slim Shady (feat. Eminem),"Kid Cudi, Eminem",The Adventures of Moon Man & Slim Shady (feat. Eminem),4:24,7/12/20,7/13/20
The Adventures of Moon Man & Slim Shady (with Eminem),"Kid Cudi, Eminem",The Adventures of Moon Man & Slim Shady (with Eminem),4:24,7/13/20,7/18/20
The Best Day (Taylor’s Version),Taylor Swift,Fearless (Taylor's Version),4:05,4/11/21,4/14/21
The Bigger Picture,Lil Baby,The Bigger Picture,4:12,6/13/20,7/26/20
The Box,Roddy Ricch,Please Excuse Me For Being Antisocial,3:16,12/14/19,3/6/21
The Christmas Song (Merry Christmas To You),Nat King Cole,The Christmas Song (Expanded Edition),3:12,12/1/19,12/28/20
The Climb Back,J. Cole,Lewis Street,5:04,7/25/20,8/1/20
The Code (feat. Polo G),"King Von, Polo G",Welcome to O'Block,3:22,11/7/20,11/11/20
The Hills,The Weeknd,Beauty Behind The Madness,4:02,2/10/21,2/19/21
the last great american dynasty,Taylor Swift,folklore,3:50,7/26/20,8/16/20
The London (feat. J. Cole & Travis Scott),"Young Thug, J. Cole, Travis Scott",So Much Fun,3:20,9/5/19,11/17/19
The Man,Taylor Swift,Lover,3:10,9/5/19,9/15/19
"The Man, The Myth, The Legend - Interlude",Juice WRLD,Legends Never Die,2:16,7/12/20,7/14/20
"The Man, The Myth, The Legend",Juice WRLD,Legends Never Die,2:16,7/14/20,7/18/20
The Other Guy,Luke Combs,What You See Ain't Always What You Get (Deluxe Edition),3:10,10/24/20,10/25/20
The Other Side (from Trolls World Tour),"SZA, Justin Timberlake",The Other Side (from Trolls World Tour),3:08,2/29/20,3/2/20
The Other Side Of The Door (Taylor’s Version),Taylor Swift,Fearless (Taylor's Version),3:58,4/11/21,4/13/21
The Pale Moonlight,Kid Cudi,Man On The Moon III: The Chosen,2:56,12/13/20,12/13/20
"The Plan - From the Motion Picture ""TENET""",Travis Scott,"The Plan (From the Motion Picture ""TENET"")",3:05,8/24/20,8/30/20
THE SCOTTS,"THE SCOTTS, Travis Scott, Kid Cudi",THE SCOTTS,2:45,4/26/20,8/9/20
The Void,Kid Cudi,Man On The Moon III: The Chosen,5:25,12/13/20,12/14/20
The Way,"Trippie Redd, Russ",A Love Letter To You 4 (Deluxe),4:03,2/23/20,2/24/20
The Way I Loved You (Taylor’s Version),Taylor Swift,Fearless (Taylor's Version),4:03,4/11/21,4/16/21
The Woo (feat. 50 Cent & Roddy Ricch),"Pop Smoke, 50 Cent, Roddy Ricch",Shoot For The Stars Aim For The Moon,3:21,7/5/20,10/27/20
THERE HE GO,DaBaby,KIRK,2:23,9/29/19,9/30/19
Therefore I Am,Billie Eilish,Therefore I Am,2:54,11/13/20,3/20/21
Things Change,Bryson Tiller,A N N I V E R S A R Y,3:34,10/4/20,10/5/20
This Ain't That,"Trippie Redd, Lil Mosey",A Love Letter To You 4,3:27,11/24/19,11/25/19
This Bar,Morgan Wallen,Dangerous: The Double Album,3:05,1/10/21,1/12/21
This Christmas,Donny Hathaway,Donny Hathaway,3:51,12/27/19,12/27/20
This Is America,Childish Gambino,This Is America,3:45,6/4/20,6/7/20
This Is Halloween,The Citizens of Halloween,The Nightmare Before Christmas,3:16,11/2/19,11/3/19
this is me trying,Taylor Swift,folklore,3:15,7/26/20,8/9/20
Those Kinda Nights (feat. Ed Sheeran),"Eminem, Ed Sheeran",Music To Be Murdered By,2:57,1/19/20,1/27/20
Thriller,Michael Jackson,Thriller 25 Super Deluxe Edition,5:57,11/2/19,11/3/20
Thug Love,A Boogie Wit da Hoodie,Artist 2.0,3:01,2/16/20,2/17/20
Thug Of Spades (feat. DaBaby),"YoungBoy Never Broke Again, DaBaby",38 Baby 2,2:33,4/26/20,4/27/20
Time Flies,Drake,Dark Lane Demo Tapes,3:12,5/2/20,5/9/20
Tip Toe (feat. A Boogie Wit da Hoodie),"Roddy Ricch, A Boogie Wit da Hoodie",Please Excuse Me For Being Antisocial,3:05,12/8/19,1/19/20
Tip Toe (feat. A Boogie Wit da Hoodie),"Roddy Ricch, A Boogie Wit da Hoodie",Tip Toe (feat. A Boogie Wit da Hoodie),3:05,12/1/19,12/7/19
Titanic,Juice WRLD,Legends Never Die,2:56,7/12/20,7/26/20
TKN (feat. Travis Scott),"ROSALÍA, Travis Scott",TKN (feat. Travis Scott),2:09,5/30/20,6/9/20
To Be So Lonely,Harry Styles,Fine Line,3:12,12/15/19,12/20/19
To Die For,Sam Smith,To Die For,3:13,2/16/20,2/29/20
Today Was A Fairytale (Taylor’s Version),Taylor Swift,Fearless (Taylor's Version),4:01,4/11/21,4/13/21
TOES (feat. Lil Baby & Moneybagg Yo),"DaBaby, Lil Baby, Moneybagg Yo",KIRK,2:16,9/29/19,3/21/20
tolerate it,Taylor Swift,evermore,4:05,12/13/20,12/20/20
Tombstone,Rod Wave,SoulFly,2:40,3/27/21,4/9/21
Tombstone,Rod Wave,Tombstone,2:40,3/27/21,3/27/21
Tommy Lee (feat. Post Malone),"Tyla Yaweh, Post Malone",Tommy Lee (feat. Post Malone),3:44,6/13/20,7/9/20
Tongue Tied (with YUNGBLUD & blackbear),"Marshmello, YUNGBLUD, blackbear",Tongue Tied (with YUNGBLUD & blackbear),3:06,11/17/19,11/18/19
Too Late,The Weeknd,After Hours,3:59,3/22/20,3/29/20
Took Her To The O,King Von,Levon James,3:16,11/7/20,11/14/20
Toosie Slide,Drake,Dark Lane Demo Tapes,4:07,5/2/20,8/26/20
Toosie Slide,Drake,Toosie Slide,4:07,4/5/20,5/2/20
TOP FLOOR (feat. Travis Scott),"Gunna, Travis Scott",WUNNA,2:49,5/24/20,5/26/20
Touch The Sky,Future,High Off Life,2:24,5/17/20,5/18/20
Toxic,Kehlani,It Was Good Until It Wasn't,2:48,5/10/20,5/11/20
TRAGIC (feat. Youngboy Never Broke Again & Internet Money),"The Kid LAROI, YoungBoy Never Broke Again, Internet Money",F*CK LOVE (SAVAGE),2:33,11/7/20,11/9/20
Train Wreck,James Arthur,Back from the Edge,3:28,10/28/20,10/29/20
Trampoline (with ZAYN),"SHAED, ZAYN",Trampoline (with ZAYN),3:04,10/22/19,11/30/19
Trap This Way (This Way),Lil Uzi Vert,Eternal Atake (Deluxe) - LUV vs. The World 2,3:05,3/15/20,3/18/20
Trapped In The Sun,Future,High Off Life,3:21,5/17/20,5/19/20
Treat People With Kindness,Harry Styles,Fine Line,3:17,12/15/19,12/17/19
TRELLAS,Bad Bunny,EL Último Tour del Mundo,2:37,11/28/20,11/29/20
Trigger,"Major Lazer, Khalid, Death Stranding: Timefall",Trigger,2:51,10/27/19,11/2/19
Trillionaire (feat. Youngboy Never Broke Again),"Future, YoungBoy Never Broke Again",High Off Life,2:47,5/17/20,5/22/20
TROLLZ (with Nicki Minaj),"6ix9ine, Nicki Minaj",TROLLZ (with Nicki Minaj),3:22,6/13/20,6/21/20
Truth Hurts,Lizzo,Cuz I Love You (Deluxe),2:53,9/5/19,1/15/20
Turks (feat. Travis Scott),"NAV, Gunna, Travis Scott",Turks,2:41,3/29/20,5/10/20
Turks (with Gunna & ft. Travis Scott),"NAV, Gunna, Travis Scott",Good Intentions,2:41,5/10/20,6/13/20
Tusa,"KAROL G, Nicki Minaj",Tusa,3:20,1/16/20,2/28/20
Tycoon,Future,Tycoon,3:23,4/5/20,4/6/20
Tyler Herro,Jack Harlow,Thats What They All Say,2:36,12/13/20,3/1/21
Tyler Herro,Jack Harlow,Tyler Herro,2:36,10/24/20,12/13/20
UGH!,BTS,MAP OF THE SOUL : 7,3:45,2/23/20,2/25/20
UN DIA (ONE DAY) (Feat. Tainy),"J Balvin, Tainy, Dua Lipa, Bad Bunny",UN DIA (ONE DAY) (Feat. Tainy),3:52,7/26/20,9/2/20
Una Vez,"Bad Bunny, Mora",YHLQMDLG,3:52,3/2/20,3/3/20
Unaccommodating (feat. Young M.A),"Eminem, Young M.A",Music To Be Murdered By,3:36,1/19/20,1/26/20
Underneath the Tree,Kelly Clarkson,Wrapped In Red,3:49,12/22/19,12/28/20
Unstable (feat. The Kid LAROI),"Justin Bieber, The Kid LAROI",Justice,2:38,3/25/21,3/29/21
Unstable,"Justin Bieber, The Kid LAROI",Justice,2:38,3/20/21,3/25/21
Until I Bleed Out,The Weeknd,After Hours,3:10,3/22/20,3/25/20
Untouchable (Taylor’s Version),Taylor Swift,Fearless (Taylor's Version),5:12,4/11/21,4/13/21
Up,Cardi B,Up,2:36,2/6/21,2/12/21
Up,Cardi B,Up (Instrumental),2:36,2/12/21,
Up All Night,Khalid,Up All Night,2:37,11/17/19,11/30/19
Up Up And Away,Juice WRLD,Legends Never Die,2:27,7/12/20,7/26/20
Urgency (feat. Syd),"Lil Uzi Vert, Syd",Eternal Atake,3:01,3/8/20,3/11/20
Use This Gospel,"Kanye West, Clipse, Kenny G",JESUS IS KING,3:33,10/27/19,11/4/19
VACATION,Tyga,VACATION,3:12,6/21/20,6/29/20
VALENTINO,24kGoldn,DROPPED OUTTA COLLEGE,2:59,11/25/19,12/1/19
VALENTINO,24kGoldn,VALENTINO,2:59,10/18/19,11/24/19
Vamp Anthem,Playboi Carti,Whole Lotta Red,2:04,12/27/20,12/29/20
Venetia,Lil Uzi Vert,Eternal Atake,3:08,3/8/20,3/16/20
Vete,Bad Bunny,Vete,3:12,11/23/19,12/8/19
Vete,Bad Bunny,YHLQMDLG,3:12,3/2/20,3/9/20
VIBEZ,DaBaby,KIRK,2:24,9/29/19,2/29/20
Violent,carolesdaughter,Violent,2:15,1/23/21,1/25/21
Vulnerable,Selena Gomez,Rare,3:12,1/12/20,1/13/20
Walk Em Down (feat. Roddy Ricch),"NLE Choppa, Roddy Ricch",Walk Em Down (feat. Roddy Ricch),2:53,3/22/20,7/24/20
Wants and Needs (feat. Lil Baby),"Drake, Lil Baby",Scary Hours 2,3:12,3/7/21,
WAP (feat. Megan Thee Stallion),"Cardi B, Megan Thee Stallion",WAP (feat. Megan Thee Stallion),3:07,8/9/20,5/5/21
War,Drake,Dark Lane Demo Tapes,3:00,5/2/20,5/6/20
Warning,Morgan Wallen,Dangerous: The Double Album,2:36,1/10/21,1/18/21
Wash Us In The Blood,"Kanye West, Travis Scott",Wash Us In The Blood,3:09,7/3/20,7/10/20
Wash Us In The Blood,"Kanye West, Travis Scott",Wash Us In The Blood (feat. Travis Scott),3:09,7/2/20,7/3/20
Wassup (feat. Future),"Lil Uzi Vert, Future",Eternal Atake (Deluxe) - LUV vs. The World 2,3:13,3/15/20,3/18/20
Wasted (feat. Lil Uzi Vert),"Juice WRLD, Lil Uzi Vert",Goodbye & Good Riddance,4:18,12/10/19,12/12/19
Wasted On You,Morgan Wallen,Dangerous: The Double Album,2:58,1/10/21,3/16/21
Water,"Kanye West, Ant Clemons",JESUS IS KING,2:48,10/27/19,11/2/19
Watermelon Sugar,Harry Styles,Fine Line,2:54,12/15/19,3/20/21
Watermelon Sugar,Harry Styles,Watermelon Sugar,2:54,11/19/19,12/15/19
Way Out (feat. Big Sean),"Jack Harlow, Big Sean",Thats What They All Say,2:48,12/13/20,2/6/21
We Paid (feat. 42 Dugg),"Lil Baby, 42 Dugg",My Turn (Deluxe),3:01,5/2/20,10/24/20
We Were Happy (Taylor’s Version) (From The Vault),Taylor Swift,Fearless (Taylor's Version),4:04,4/11/21,4/14/21
We're Good,Dua Lipa,Future Nostalgia (The Moonlight Edition),2:45,2/14/21,4/11/21
West Coast Shit (feat. Tyga & Quavo),"Pop Smoke, Tyga, Quavo",Shoot For The Stars Aim For The Moon,3:12,7/5/20,7/6/20
west side,Ariana Grande,Positions,2:12,11/3/20,11/5/20
What A Man Gotta Do,Jonas Brothers,What A Man Gotta Do,3:00,1/19/20,2/21/20
What If I Told You That I Love You,Ali Gatie,What If I Told You That I Love You,3:13,1/26/20,1/30/20
What It Feels Like,"Nipsey Hussle, JAY-Z",What It Feels Like,4:35,2/14/21,2/15/21
What Makes You Beautiful,One Direction,Up All Night,3:19,7/25/20,7/26/20
What That Speed Bout!? (feat. Nicki Minaj & YoungBoy Never Broke Again),"Mike WiLL Made-It, Nicki Minaj, YoungBoy Never Broke Again",What That Speed Bout!? (feat. Nicki Minaj & YoungBoy Never Broke Again),2:51,11/7/20,11/8/20
WHAT TO DO? (feat. Don Toliver),"JACKBOYS, Don Toliver",JACKBOYS,4:10,12/29/19,1/3/20
What You Know Bout Love,Pop Smoke,Shoot For The Stars Aim For The Moon,2:40,7/5/20,5/5/21
What You Need,Don Toliver,What You Need,3:37,5/9/21,
What You See Is What You Get,Luke Combs,What You See Is What You Get,2:51,11/10/19,11/11/19
"WHATS POPPIN (feat. DaBaby, Tory Lanez & Lil Wayne) - Remix","Jack Harlow, Tory Lanez, DaBaby, Lil Wayne","WHATS POPPIN (feat. DaBaby, Tory Lanez & Lil Wayne) [Remix]",3:47,6/29/20,12/13/20
"Whats Poppin (feat. DaBaby, Tory Lanez & Lil Wayne) [Remix] - Bonus Track","Jack Harlow, Tory Lanez, DaBaby, Lil Wayne",Thats What They All Say,3:47,12/28/20,3/7/21
WHATS POPPIN,Jack Harlow,Sweet Action,2:19,3/15/20,8/13/20
WHATS POPPIN,Jack Harlow,WHATS POPPIN,2:19,2/5/20,3/15/20
What’s Next,Drake,Scary Hours 2,2:58,3/7/21,
when the party's over,Billie Eilish,"WHEN WE ALL FALL ASLEEP, WHERE DO WE GO?",3:16,12/7/19,2/16/20
When To Say When,Drake,Dark Lane Demo Tapes,3:43,5/2/20,5/7/20
When You Down (with Polo G feat. Lil Durk),"Lil Tecca, Polo G, Lil Durk",Virgo World,3:13,9/20/20,9/21/20
Where The Hood At,DMX,Grand Champ,4:46,4/13/21,4/14/21
Whiskey’d My Way,Morgan Wallen,Dangerous: The Double Album,3:00,1/10/21,1/15/21
White Christmas,"Bing Crosby, Ken Darby Singers, John Scott Trotter & His Orchestra",Holiday Inn (Original Motion Picture Soundtrack),2:57,12/3/19,12/28/20
White Dress,Lana Del Rey,Chemtrails Over The Country Club,5:33,3/20/21,3/21/21
White Horse (Taylor’s Version),Taylor Swift,Fearless (Taylor's Version),3:54,4/11/21,4/15/21
Who Needs Love,Trippie Redd,A Love Letter To You 4,2:38,11/24/19,12/1/19
Whole Lotta Choppas (Remix) [feat. Nicki Minaj],"Sada Baby, Nicki Minaj",Whole Lotta Choppas (Remix) [feat. Nicki Minaj],2:53,10/18/20,10/19/20
Whoopty,CJ,Loyalty Over Royalty,2:03,2/21/21,4/10/21
Whoopty,CJ,Whoopty,2:03,11/15/20,2/21/21
Why Would I Stop?,Big Sean,Detroit 2,2:32,9/6/20,9/7/20
Wildflower,5 Seconds of Summer,CALM,3:40,3/29/20,3/30/20
willow,Taylor Swift,evermore,3:34,12/13/20,2/21/21
Winter Wonderland - Remastered,Bing Crosby,Christmas,2:22,12/25/20,12/27/20
Winter Wonderland,Bing Crosby,Winter Wonderland,2:24,12/26/19,12/28/19
Wishing Well,Juice WRLD,Legends Never Die,3:14,7/12/20,3/31/21
WITHOUT YOU (with Miley Cyrus),"The Kid LAROI, Miley Cyrus",WITHOUT YOU (with Miley Cyrus),2:41,5/3/21,
Without You,"Luke Combs, Amanda Shires",What You See Ain't Always What You Get (Deluxe Edition),3:44,10/24/20,10/26/20
Without You,"Luke Combs, Amanda Shires",Without You,3:44,9/20/20,9/21/20
WITHOUT YOU,The Kid LAROI,F*CK LOVE (SAVAGE),2:41,12/4/20,5/9/21
Woah,Lil Baby,My Turn,3:03,2/29/20,4/12/20
Woah,Lil Baby,Woah,3:03,11/10/19,2/29/20
Wolves (feat. Post Malone),"Big Sean, Post Malone",Detroit 2,3:19,9/6/20,11/3/20
Wonder,Shawn Mendes,Wonder,2:52,10/4/20,12/8/20
Wonderful Christmastime - Edited Version / Remastered 2011,Paul McCartney,McCartney II (Special Edition),3:47,12/8/20,12/28/20
Wonderful Christmastime [Edited Version] - Remastered 2011 / Edited Version,Paul McCartney,McCartney II (Special Edition),3:47,12/22/19,12/8/20
Wonderin’ Bout The Wind,Morgan Wallen,Dangerous: The Double Album,3:02,1/10/21,1/12/21
Woodlawn,Aminé,Limbo,2:23,8/9/20,8/10/20
Woods,Mac Miller,Circles,4:46,1/19/20,1/26/20
Wow.,Post Malone,Hollywood's Bleeding,2:29,9/8/19,1/5/20
Wow.,Post Malone,Wow.,2:29,9/5/19,9/8/19
Writing on the Wall (feat. Post Malone & Cardi B),"French Montana, Rvssian, Post Malone, Cardi B",Writing on the Wall (feat. Post Malone & Cardi B),3:21,9/29/19,10/6/19
"Writing on the Wall (feat. Post Malone, Cardi B & Rvssian)","French Montana, Post Malone, Cardi B, Rvssian",MONTANA,3:21,12/31/19,1/10/20
WUNNA,Gunna,WUNNA,2:38,5/24/20,5/29/20
X Gon' Give It To Ya,DMX,The Definition of X: Pick Of The Litter,3:37,4/11/21,4/15/21
XXL,DaBaby,KIRK,2:33,9/29/19,9/30/19
"Yah Yah (feat. Royce Da 5'9"", Black Thought, Q-Tip & Denaun)","Eminem, Royce Da 5'9"", Black Thought, Q-Tip, Denaun",Music To Be Murdered By,4:46,1/19/20,1/22/20
Yea Yea,Pop Smoke,Shoot For The Stars Aim For The Moon,3:05,7/5/20,7/8/20
Years Go By,Bryson Tiller,A N N I V E R S A R Y,2:59,10/4/20,10/5/20
YELL OH,"Trippie Redd, Young Thug",YELL OH,3:56,2/9/20,2/11/20
Yellow Hearts,Ant Saunders,Yellow Hearts,3:43,11/9/19,1/5/20
Yessirskiii,"Lil Uzi Vert, 21 Savage",Eternal Atake (Deluxe) - LUV vs. The World 2,3:39,3/15/20,3/22/20
Yikes,Nicki Minaj,Yikes,2:36,2/9/20,2/15/20
Yo Perreo Sola,Bad Bunny,YHLQMDLG,2:52,3/2/20,4/29/20
YO VISTO ASÍ,Bad Bunny,EL ÚLTIMO TOUR DEL MUNDO,3:11,11/28/20,12/4/20
You All Over Me (feat. Maren Morris) (Taylor’s Version) (From The Vault),"Taylor Swift, Maren Morris",Fearless (Taylor's Version),3:40,4/11/21,4/16/21
You All Over Me (feat. Maren Morris) (Taylor’s Version) (From The Vault),"Taylor Swift, Maren Morris",You All Over Me (feat. Maren Morris) (Taylor’s Version) (From The Vault),3:40,3/27/21,4/11/21
You Belong With Me (Taylor’s Version),Taylor Swift,Fearless (Taylor's Version),3:51,4/11/21,4/16/21
You Better Move,Lil Uzi Vert,Eternal Atake,3:16,3/8/20,3/14/20
you broke me first,Tate McRae,you broke me first,2:49,9/2/20,4/26/21
"You Gon’ Learn (feat. Royce Da 5'9"" & White Gold)","Eminem, Royce Da 5'9"", White Gold",Music To Be Murdered By,3:54,1/19/20,1/27/20
You Need To Calm Down,Taylor Swift,Lover,2:51,9/5/19,9/15/19
You should be sad,Halsey,Manic,3:25,1/19/20,3/15/20
You should be sad,Halsey,You should be sad,3:25,1/12/20,1/19/20
"You're A Mean One, Mr. Grinch - From Dr. Seuss' 'How The Grinch Stole Christmas'",Thurl Ravenscroft,How The Grinch Stole Christmas,5:15,12/26/20,12/27/20
Young Wheezy (with Gunna),"NAV, Gunna",Emergency Tsunami,2:31,11/7/20,11/9/20
Your Bartender,Morgan Wallen,Dangerous: The Double Album,3:05,1/10/21,1/15/21
Your Man,Joji,Nectar,2:43,9/28/20,10/4/20
Your Power,Billie Eilish,Your Power,4:05,5/3/21,
You’re Not Sorry (Taylor’s Version),Taylor Swift,Fearless (Taylor's Version),4:21,4/11/21,4/14/21
Yummy,Justin Bieber,Changes,3:28,2/16/20,2/29/20
Yummy,Justin Bieber,Yummy,3:30,1/5/20,2/16/20
Zoo York (feat. Fivio Foreign & Pop Smoke),"Lil Tjay, Fivio Foreign, Pop Smoke",State of Emergency,3:34,5/10/20,5/13/20
ZTFO,Big Sean,Detroit 2,2:16,9/6/20,9/8/20
‘tis the damn season,Taylor Swift,evermore,3:49,12/13/20,1/1/21